[{
    "model": "myfarog.itemmaterial",
    "pk": 1,
    "fields": {
        "name": "Aurichalcum"
    }
}, {
    "model": "myfarog.itemmaterial",
    "pk": 2,
    "fields": {
        "name": "Bronze"
    }
}, {
    "model": "myfarog.itemmaterial",
    "pk": 3,
    "fields": {
        "name": "Copper"
    }
}, {
    "model": "myfarog.itemmaterial",
    "pk": 4,
    "fields": {
        "name": "Cotton"
    }
}, {
    "model": "myfarog.itemmaterial",
    "pk": 5,
    "fields": {
        "name": "Gold"
    }
}, {
    "model": "myfarog.itemmaterial",
    "pk": 6,
    "fields": {
        "name": "Electrum"
    }
}, {
    "model": "myfarog.itemmaterial",
    "pk": 7,
    "fields": {
        "name": "Silver"
    }
}, {
    "model": "myfarog.itemmaterial",
    "pk": 8,
    "fields": {
        "name": "Fur"
    }
}, {
    "model": "myfarog.itemmaterial",
    "pk": 9,
    "fields": {
        "name": "Wool"
    }
}, {
    "model": "myfarog.itemmaterial",
    "pk": 10,
    "fields": {
        "name": "Steel"
    }
}, {
    "model": "myfarog.itemmaterial",
    "pk": 11,
    "fields": {
        "name": "Iron"
    }
}, {
    "model": "myfarog.itemmaterial",
    "pk": 12,
    "fields": {
        "name": "Wood"
    }
}, {
    "model": "myfarog.itemmaterial",
    "pk": 13,
    "fields": {
        "name": "Leather"
    }
}, {
    "model": "myfarog.itemmaterial",
    "pk": 14,
    "fields": {
        "name": "Flesh"
    }
}, {
    "model": "myfarog.itembonustype",
    "pk": 1,
    "fields": {
        "name": "CHA"
    }
}, {
    "model": "myfarog.itembonustype",
    "pk": 2,
    "fields": {
        "name": "CON"
    }
}, {
    "model": "myfarog.itembonustype",
    "pk": 3,
    "fields": {
        "name": "DEX"
    }
}, {
    "model": "myfarog.itembonustype",
    "pk": 4,
    "fields": {
        "name": "INT"
    }
}, {
    "model": "myfarog.itembonustype",
    "pk": 5,
    "fields": {
        "name": "STR"
    }
}, {
    "model": "myfarog.itembonustype",
    "pk": 6,
    "fields": {
        "name": "WIL"
    }
}, {
    "model": "myfarog.itembonustype",
    "pk": 7,
    "fields": {
        "name": "_cha"
    }
}, {
    "model": "myfarog.itembonustype",
    "pk": 8,
    "fields": {
        "name": "_con"
    }
}, {
    "model": "myfarog.itembonustype",
    "pk": 9,
    "fields": {
        "name": "_dex"
    }
}, {
    "model": "myfarog.itembonustype",
    "pk": 10,
    "fields": {
        "name": "_int"
    }
}, {
    "model": "myfarog.itembonustype",
    "pk": 11,
    "fields": {
        "name": "_str"
    }
}, {
    "model": "myfarog.itembonustype",
    "pk": 12,
    "fields": {
        "name": "_wil"
    }
}, {
    "model": "myfarog.itembonustype",
    "pk": 13,
    "fields": {
        "name": "max_HP"
    }
}, {
    "model": "myfarog.itembonustype",
    "pk": 14,
    "fields": {
        "name": "max_SP"
    }
}, {
    "model": "myfarog.itembonustype",
    "pk": 15,
    "fields": {
        "name": "max_MHP"
    }
}, {
    "model": "myfarog.itembonustype",
    "pk": 16,
    "fields": {
        "name": "Acrobatics"
    }
}, {
    "model": "myfarog.itembonustype",
    "pk": 17,
    "fields": {
        "name": "Acting"
    }
}, {
    "model": "myfarog.itembonustype",
    "pk": 18,
    "fields": {
        "name": "Alchemy"
    }
}, {
    "model": "myfarog.itembonustype",
    "pk": 19,
    "fields": {
        "name": "Climbing"
    }
}, {
    "model": "myfarog.itembonustype",
    "pk": 20,
    "fields": {
        "name": "Crafts"
    }
}, {
    "model": "myfarog.itembonustype",
    "pk": 21,
    "fields": {
        "name": "Dancing"
    }
}, {
    "model": "myfarog.itembonustype",
    "pk": 22,
    "fields": {
        "name": "Dodging"
    }
}, {
    "model": "myfarog.itembonustype",
    "pk": 23,
    "fields": {
        "name": "Flute Playing"
    }
}, {
    "model": "myfarog.itembonustype",
    "pk": 24,
    "fields": {
        "name": "Foraging"
    }
}, {
    "model": "myfarog.itembonustype",
    "pk": 25,
    "fields": {
        "name": "Fortitude"
    }
}, {
    "model": "myfarog.itembonustype",
    "pk": 26,
    "fields": {
        "name": "Healing"
    }
}, {
    "model": "myfarog.itembonustype",
    "pk": 27,
    "fields": {
        "name": "Lyre Playing"
    }
}, {
    "model": "myfarog.itembonustype",
    "pk": 28,
    "fields": {
        "name": "Mechanics"
    }
}, {
    "model": "myfarog.itembonustype",
    "pk": 29,
    "fields": {
        "name": "Melee"
    }
}, {
    "model": "myfarog.itembonustype",
    "pk": 30,
    "fields": {
        "name": "Missile"
    }
}, {
    "model": "myfarog.itembonustype",
    "pk": 31,
    "fields": {
        "name": "Navigation"
    }
}, {
    "model": "myfarog.itembonustype",
    "pk": 32,
    "fields": {
        "name": "Perception"
    }
}, {
    "model": "myfarog.itembonustype",
    "pk": 33,
    "fields": {
        "name": "Poetry"
    }
}, {
    "model": "myfarog.itembonustype",
    "pk": 34,
    "fields": {
        "name": "Religious Tradition"
    }
}, {
    "model": "myfarog.itembonustype",
    "pk": 35,
    "fields": {
        "name": "Riding"
    }
}, {
    "model": "myfarog.itembonustype",
    "pk": 36,
    "fields": {
        "name": "Rune Lore"
    }
}, {
    "model": "myfarog.itembonustype",
    "pk": 37,
    "fields": {
        "name": "Singing"
    }
}, {
    "model": "myfarog.itembonustype",
    "pk": 38,
    "fields": {
        "name": "Social Skills"
    }
}, {
    "model": "myfarog.itembonustype",
    "pk": 39,
    "fields": {
        "name": "Stamina"
    }
}, {
    "model": "myfarog.itembonustype",
    "pk": 40,
    "fields": {
        "name": "Stealth"
    }
}, {
    "model": "myfarog.itembonustype",
    "pk": 41,
    "fields": {
        "name": "Swimming"
    }
}, {
    "model": "myfarog.itembonustype",
    "pk": 42,
    "fields": {
        "name": "Tempo"
    }
}, {
    "model": "myfarog.itembonustype",
    "pk": 43,
    "fields": {
        "name": "Tracking"
    }
}, {
    "model": "myfarog.itembonustype",
    "pk": 44,
    "fields": {
        "name": "Trickery"
    }
}, {
    "model": "myfarog.itembonustype",
    "pk": 45,
    "fields": {
        "name": "World Lore"
    }
}, {
    "model": "myfarog.itembonustype",
    "pk": 46,
    "fields": {
        "name": "Seamanship"
    }
}, {
    "model": "myfarog.itembonustype",
    "pk": 47,
    "fields": {
        "name": "Computers"
    }
}, {
    "model": "myfarog.itembonustype",
    "pk": 48,
    "fields": {
        "name": "Driving"
    }
}, {
    "model": "myfarog.itembonustype",
    "pk": 49,
    "fields": {
        "name": "Science"
    }
}, {
    "model": "myfarog.itembonustype",
    "pk": 50,
    "fields": {
        "name": "Alarm Bell"
    }
}, {
    "model": "myfarog.itembonustype",
    "pk": 51,
    "fields": {
        "name": "Awakening"
    }
}, {
    "model": "myfarog.itembonustype",
    "pk": 52,
    "fields": {
        "name": "Bear Hug"
    }
}, {
    "model": "myfarog.itembonustype",
    "pk": 53,
    "fields": {
        "name": "Calm Creature"
    }
}, {
    "model": "myfarog.itembonustype",
    "pk": 54,
    "fields": {
        "name": "Charm"
    }
}, {
    "model": "myfarog.itembonustype",
    "pk": 55,
    "fields": {
        "name": "Clairvoyance"
    }
}, {
    "model": "myfarog.itembonustype",
    "pk": 56,
    "fields": {
        "name": "Conscience"
    }
}, {
    "model": "myfarog.itembonustype",
    "pk": 57,
    "fields": {
        "name": "Courage"
    }
}, {
    "model": "myfarog.itembonustype",
    "pk": 58,
    "fields": {
        "name": "Create Hulda"
    }
}, {
    "model": "myfarog.itembonustype",
    "pk": 59,
    "fields": {
        "name": "Creatue Stone Guardian"
    }
}, {
    "model": "myfarog.itembonustype",
    "pk": 60,
    "fields": {
        "name": "Create Nar"
    }
}, {
    "model": "myfarog.itembonustype",
    "pk": 61,
    "fields": {
        "name": "Create Wight"
    }
}, {
    "model": "myfarog.itembonustype",
    "pk": 62,
    "fields": {
        "name": "Cure Malaria"
    }
}, {
    "model": "myfarog.itembonustype",
    "pk": 63,
    "fields": {
        "name": "Cure Trama"
    }
}, {
    "model": "myfarog.itembonustype",
    "pk": 64,
    "fields": {
        "name": "Curse"
    }
}, {
    "model": "myfarog.itembonustype",
    "pk": 65,
    "fields": {
        "name": "Disclose Observation"
    }
}, {
    "model": "myfarog.itembonustype",
    "pk": 66,
    "fields": {
        "name": "Discover Posion"
    }
}, {
    "model": "myfarog.itembonustype",
    "pk": 67,
    "fields": {
        "name": "Dispel"
    }
}, {
    "model": "myfarog.itembonustype",
    "pk": 68,
    "fields": {
        "name": "Divine Language"
    }
}, {
    "model": "myfarog.itembonustype",
    "pk": 69,
    "fields": {
        "name": "Divine Senses"
    }
}, {
    "model": "myfarog.itembonustype",
    "pk": 70,
    "fields": {
        "name": "Eternal Flame"
    }
}, {
    "model": "myfarog.itembonustype",
    "pk": 71,
    "fields": {
        "name": "Ettin Eyes"
    }
}, {
    "model": "myfarog.itembonustype",
    "pk": 72,
    "fields": {
        "name": "False Sound"
    }
}, {
    "model": "myfarog.itembonustype",
    "pk": 73,
    "fields": {
        "name": "Fear"
    }
}, {
    "model": "myfarog.itembonustype",
    "pk": 74,
    "fields": {
        "name": "Fireball"
    }
}, {
    "model": "myfarog.itembonustype",
    "pk": 75,
    "fields": {
        "name": "Fire Bolt"
    }
}, {
    "model": "myfarog.itembonustype",
    "pk": 76,
    "fields": {
        "name": "Flight"
    }
}, {
    "model": "myfarog.itembonustype",
    "pk": 77,
    "fields": {
        "name": "Fog"
    }
}, {
    "model": "myfarog.itembonustype",
    "pk": 78,
    "fields": {
        "name": "Fruit of Nature"
    }
}, {
    "model": "myfarog.itembonustype",
    "pk": 79,
    "fields": {
        "name": "Fulgjon"
    }
}, {
    "model": "myfarog.itembonustype",
    "pk": 80,
    "fields": {
        "name": "Fumble-Foe"
    }
}, {
    "model": "myfarog.itembonustype",
    "pk": 81,
    "fields": {
        "name": "Ghost Feet"
    }
}, {
    "model": "myfarog.itembonustype",
    "pk": 82,
    "fields": {
        "name": "Grace of NurpuR"
    }
}, {
    "model": "myfarog.itembonustype",
    "pk": 83,
    "fields": {
        "name": "Hammer"
    }
}, {
    "model": "myfarog.itembonustype",
    "pk": 84,
    "fields": {
        "name": "Heal"
    }
}, {
    "model": "myfarog.itembonustype",
    "pk": 85,
    "fields": {
        "name": "Heat Signature"
    }
}, {
    "model": "myfarog.itembonustype",
    "pk": 86,
    "fields": {
        "name": "Hood of HadnuR"
    }
}, {
    "model": "myfarog.itembonustype",
    "pk": 87,
    "fields": {
        "name": "Hostility"
    }
}, {
    "model": "myfarog.itembonustype",
    "pk": 88,
    "fields": {
        "name": "Hunt"
    }
}, {
    "model": "myfarog.itembonustype",
    "pk": 89,
    "fields": {
        "name": "Ice Heart"
    }
}, {
    "model": "myfarog.itembonustype",
    "pk": 90,
    "fields": {
        "name": "Illusion"
    }
}, {
    "model": "myfarog.itembonustype",
    "pk": 91,
    "fields": {
        "name": "Initiate"
    }
}, {
    "model": "myfarog.itembonustype",
    "pk": 92,
    "fields": {
        "name": "Levitation"
    }
}, {
    "model": "myfarog.itembonustype",
    "pk": 93,
    "fields": {
        "name": "Light"
    }
}, {
    "model": "myfarog.itembonustype",
    "pk": 94,
    "fields": {
        "name": "Lightning"
    }
}, {
    "model": "myfarog.itembonustype",
    "pk": 95,
    "fields": {
        "name": "Lung of NerpuR"
    }
}, {
    "model": "myfarog.itembonustype",
    "pk": 96,
    "fields": {
        "name": "Magenerpi"
    }
}, {
    "model": "myfarog.itembonustype",
    "pk": 97,
    "fields": {
        "name": "Malaria"
    }
}, {
    "model": "myfarog.itembonustype",
    "pk": 98,
    "fields": {
        "name": "Manipulate Water"
    }
}, {
    "model": "myfarog.itembonustype",
    "pk": 99,
    "fields": {
        "name": "Manipulate Weather"
    }
}, {
    "model": "myfarog.itembonustype",
    "pk": 100,
    "fields": {
        "name": "Manipulate Wind"
    }
}, {
    "model": "myfarog.itembonustype",
    "pk": 101,
    "fields": {
        "name": "Mask"
    }
}, {
    "model": "myfarog.itembonustype",
    "pk": 102,
    "fields": {
        "name": "Mind Control"
    }
}, {
    "model": "myfarog.itembonustype",
    "pk": 103,
    "fields": {
        "name": "Mind Reading"
    }
}, {
    "model": "myfarog.itembonustype",
    "pk": 104,
    "fields": {
        "name": "Mistletoe"
    }
}, {
    "model": "myfarog.itembonustype",
    "pk": 105,
    "fields": {
        "name": "Moss Mask"
    }
}, {
    "model": "myfarog.itembonustype",
    "pk": 106,
    "fields": {
        "name": "Neutalise Posion"
    }
}, {
    "model": "myfarog.itembonustype",
    "pk": 107,
    "fields": {
        "name": "Night Vision"
    }
}, {
    "model": "myfarog.itembonustype",
    "pk": 108,
    "fields": {
        "name": "Observation"
    }
}, {
    "model": "myfarog.itembonustype",
    "pk": 109,
    "fields": {
        "name": "Paralyse"
    }
}, {
    "model": "myfarog.itembonustype",
    "pk": 110,
    "fields": {
        "name": "Petrifacation"
    }
}, {
    "model": "myfarog.itembonustype",
    "pk": 111,
    "fields": {
        "name": "Poison"
    }
}, {
    "model": "myfarog.itembonustype",
    "pk": 112,
    "fields": {
        "name": "Purify Nutrition"
    }
}, {
    "model": "myfarog.itembonustype",
    "pk": 113,
    "fields": {
        "name": "Remove Curse"
    }
}, {
    "model": "myfarog.itembonustype",
    "pk": 114,
    "fields": {
        "name": "Remove Paralysis"
    }
}, {
    "model": "myfarog.itembonustype",
    "pk": 115,
    "fields": {
        "name": "Resist Disease"
    }
}, {
    "model": "myfarog.itembonustype",
    "pk": 116,
    "fields": {
        "name": "Resist Poison"
    }
}, {
    "model": "myfarog.itembonustype",
    "pk": 117,
    "fields": {
        "name": "Restoration"
    }
}, {
    "model": "myfarog.itembonustype",
    "pk": 118,
    "fields": {
        "name": "Resurrection"
    }
}, {
    "model": "myfarog.itembonustype",
    "pk": 119,
    "fields": {
        "name": "Reverse Petrification"
    }
}, {
    "model": "myfarog.itembonustype",
    "pk": 120,
    "fields": {
        "name": "Sanctuary"
    }
}, {
    "model": "myfarog.itembonustype",
    "pk": 121,
    "fields": {
        "name": "Sacred Ground"
    }
}, {
    "model": "myfarog.itembonustype",
    "pk": 122,
    "fields": {
        "name": "Seven-Mile-Boots"
    }
}, {
    "model": "myfarog.itembonustype",
    "pk": 123,
    "fields": {
        "name": "Silence"
    }
}, {
    "model": "myfarog.itembonustype",
    "pk": 124,
    "fields": {
        "name": "Snowflake"
    }
}, {
    "model": "myfarog.itembonustype",
    "pk": 125,
    "fields": {
        "name": "Sorcerous Shape"
    }
}, {
    "model": "myfarog.itembonustype",
    "pk": 126,
    "fields": {
        "name": "Sorcerous Sleep"
    }
}, {
    "model": "myfarog.itembonustype",
    "pk": 127,
    "fields": {
        "name": "Spirit Voice"
    }
}, {
    "model": "myfarog.itembonustype",
    "pk": 128,
    "fields": {
        "name": "Summon Creature"
    }
}, {
    "model": "myfarog.itembonustype",
    "pk": 129,
    "fields": {
        "name": "Telekinesis"
    }
}, {
    "model": "myfarog.itembonustype",
    "pk": 130,
    "fields": {
        "name": "Telepathy"
    }
}, {
    "model": "myfarog.itembonustype",
    "pk": 131,
    "fields": {
        "name": "Teleportation"
    }
}, {
    "model": "myfarog.itembonustype",
    "pk": 132,
    "fields": {
        "name": "Totem Animal"
    }
}, {
    "model": "myfarog.itembonustype",
    "pk": 133,
    "fields": {
        "name": "Trojan Fortress"
    }
}, {
    "model": "myfarog.itembonustype",
    "pk": 134,
    "fields": {
        "name": "Troll Fear"
    }
}, {
    "model": "myfarog.itembonustype",
    "pk": 135,
    "fields": {
        "name": "Veil"
    }
}, {
    "model": "myfarog.itembonustype",
    "pk": 136,
    "fields": {
        "name": "Void Travel"
    }
}, {
    "model": "myfarog.itembonustype",
    "pk": 137,
    "fields": {
        "name": "Wall of Thorns"
    }
}, {
    "model": "myfarog.itembonustype",
    "pk": 138,
    "fields": {
        "name": "Whirlwind"
    }
}, {
    "model": "myfarog.itembonustype",
    "pk": 139,
    "fields": {
        "name": "Wind Gust"
    }
}, {
    "model": "myfarog.itembonustype",
    "pk": 140,
    "fields": {
        "name": "Cold Toughness"
    }
}, {
    "model": "myfarog.itembonustype",
    "pk": 141,
    "fields": {
        "name": "Disease Resistance"
    }
}, {
    "model": "myfarog.itembonustype",
    "pk": 142,
    "fields": {
        "name": "Electricity Toughness"
    }
}, {
    "model": "myfarog.itembonustype",
    "pk": 143,
    "fields": {
        "name": "Heat Toughness"
    }
}, {
    "model": "myfarog.itembonustype",
    "pk": 144,
    "fields": {
        "name": "Physical Toughness"
    }
}, {
    "model": "myfarog.itembonustype",
    "pk": 145,
    "fields": {
        "name": "Poison Resistance"
    }
}, {
    "model": "myfarog.itembonus",
    "pk": 1,
    "fields": {
        "type": 11,
        "value": "1"
    }
}, {
    "model": "myfarog.item",
    "pk": 1,
    "fields": {
        "name": "Unarmed",
        "type": "",
        "description": null,
        "weight": 0,
        "unique": false,
        "material": 14,
        "prerequisites": [],
        "bonuses": []
    }
}, {
    "model": "myfarog.item",
    "pk": 2,
    "fields": {
        "name": "Excalibur",
        "type": "",
        "description": "The legendary Sword of the Lake",
        "weight": 48,
        "unique": true,
        "material": 10,
        "prerequisites": [],
        "bonuses": []
    }
}, {
    "model": "myfarog.item",
    "pk": 3,
    "fields": {
        "name": "Boiled Leather",
        "type": "",
        "description": "Boiled leather armor",
        "weight": 10,
        "unique": false,
        "material": 13,
        "prerequisites": [],
        "bonuses": []
    }
}, {
    "model": "myfarog.item",
    "pk": 4,
    "fields": {
        "name": "Wooden Staff",
        "type": "",
        "description": "Staff",
        "weight": 96,
        "unique": false,
        "material": 12,
        "prerequisites": [],
        "bonuses": []
    }
}, {
    "model": "myfarog.weapon",
    "pk": 1,
    "fields": {
        "damage": "1D1",
        "weapon_type": "melee",
        "cut": 6,
        "shock": 2,
        "range": 3,
        "OV_mod": -2,
        "DV_mod": -8,
        "AP": 0,
        "prerequisites": [],
        "bonuses": []
    }
}, {
    "model": "myfarog.weapon",
    "pk": 2,
    "fields": {
        "damage": "1D12+2",
        "weapon_type": "melee",
        "cut": -3,
        "shock": 2,
        "range": 4,
        "OV_mod": 0,
        "DV_mod": 0,
        "AP": 2,
        "prerequisites": [],
        "bonuses": []
    }
}, {
    "model": "myfarog.weapon",
    "pk": 4,
    "fields": {
        "damage": "1D4",
        "weapon_type": "melee",
        "cut": 2,
        "shock": -2,
        "range": 3,
        "OV_mod": 0,
        "DV_mod": 0,
        "AP": 0,
        "prerequisites": [],
        "bonuses": []
    }
}, {
    "model": "myfarog.armor",
    "pk": 3,
    "fields": {
        "AV": 1,
        "MS_mod": -1,
        "stealth_mod": 1,
        "swimming_mod": 3,
        "damage": "0",
        "prerequisites": [],
        "bonuses": []
    }
}, {
    "model": "myfarog.species",
    "pk": 1,
    "fields": {
        "name": "Human",
        "gender": "male",
        "height": "58+4D6",
        "CHA": 0,
        "CON": 0,
        "DEX": 0,
        "INT": 0,
        "STR": 0,
        "WIL": 0
    }
}, {
    "model": "myfarog.species",
    "pk": 2,
    "fields": {
        "name": "Human",
        "gender": "female",
        "height": "53+4D6",
        "CHA": 2,
        "CON": 0,
        "DEX": 0,
        "INT": 0,
        "STR": -2,
        "WIL": 0
    }
}, {
    "model": "myfarog.role",
    "pk": 1,
    "fields": {
        "name": "Civilian",
        "prerequisites": []
    }
}, {
    "model": "myfarog.role",
    "pk": 2,
    "fields": {
        "name": "Warrior",
        "prerequisites": []
    }
}, {
    "model": "myfarog.role",
    "pk": 3,
    "fields": {
        "name": "Stalker",
        "prerequisites": []
    }
}, {
    "model": "myfarog.role",
    "pk": 4,
    "fields": {
        "name": "Trickster",
        "prerequisites": []
    }
}, {
    "model": "myfarog.role",
    "pk": 5,
    "fields": {
        "name": "Berserk",
        "prerequisites": []
    }
}, {
    "model": "myfarog.role",
    "pk": 6,
    "fields": {
        "name": "Ranger",
        "prerequisites": []
    }
}, {
    "model": "myfarog.role",
    "pk": 7,
    "fields": {
        "name": "Bard",
        "prerequisites": []
    }
}, {
    "model": "myfarog.role",
    "pk": 8,
    "fields": {
        "name": "Sorcerer",
        "prerequisites": []
    }
}, {
    "model": "myfarog.role",
    "pk": 9,
    "fields": {
        "name": "Valkyrie",
        "prerequisites": []
    }
}, {
    "model": "myfarog.skill",
    "pk": 1,
    "fields": {
        "name": "Acrobatics",
        "type": "MS",
        "attribute": "DEX",
        "untrained": 0,
        "description": "Acrobatics determines how well your character can move about, keep his balance or jump and land softly."
    }
}, {
    "model": "myfarog.skill",
    "pk": 2,
    "fields": {
        "name": "Acting",
        "type": "SS",
        "attribute": "CHA",
        "untrained": -2,
        "description": "Acting determines your ability to tell convincing lies and to, in a convincing way, play a role.  The skill is used to deceive others, but also by religious characters when they participate in High Festivals in temples."
    }
}, {
    "model": "myfarog.skill",
    "pk": 3,
    "fields": {
        "name": "Alchemy",
        "type": "SS",
        "attribute": "INT",
        "untrained": -5,
        "description": "Alchmey"
    }
}, {
    "model": "myfarog.skill",
    "pk": 4,
    "fields": {
        "name": "Climbing",
        "type": "MS",
        "attribute": "DEX",
        "untrained": 0,
        "description": "Climbing"
    }
}, {
    "model": "myfarog.skill",
    "pk": 5,
    "fields": {
        "name": "Crafts",
        "type": "SS",
        "attribute": "INT",
        "untrained": -5,
        "description": "Crafts"
    }
}, {
    "model": "myfarog.skill",
    "pk": 6,
    "fields": {
        "name": "Dancing",
        "type": "MS",
        "attribute": "DEX",
        "untrained": -2,
        "description": "Dancing"
    }
}, {
    "model": "myfarog.skill",
    "pk": 7,
    "fields": {
        "name": "Dodging",
        "type": "MS",
        "attribute": "DEX",
        "untrained": 1,
        "description": "Dodging is special"
    }
}, {
    "model": "myfarog.skill",
    "pk": 8,
    "fields": {
        "name": "Flute Playing",
        "type": "SS",
        "attribute": "INT",
        "untrained": -5,
        "description": "Flute playing is depreciated"
    }
}, {
    "model": "myfarog.skill",
    "pk": 9,
    "fields": {
        "name": "Foraging",
        "type": "SS",
        "attribute": "INT",
        "untrained": -2,
        "description": "Foraging"
    }
}, {
    "model": "myfarog.skill",
    "pk": 10,
    "fields": {
        "name": "Fortitude",
        "type": "SS",
        "attribute": "WIL",
        "untrained": 0,
        "description": "Fortitude"
    }
}, {
    "model": "myfarog.skill",
    "pk": 11,
    "fields": {
        "name": "Healing",
        "type": "SS",
        "attribute": "INT",
        "untrained": -5,
        "description": "Healing"
    }
}, {
    "model": "myfarog.skill",
    "pk": 12,
    "fields": {
        "name": "Lyre Playing",
        "type": "SS",
        "attribute": "INT",
        "untrained": -5,
        "description": "Depreciated"
    }
}, {
    "model": "myfarog.skill",
    "pk": 13,
    "fields": {
        "name": "Mechanics",
        "type": "SS",
        "attribute": "DEX",
        "untrained": -5,
        "description": "Mechanics"
    }
}, {
    "model": "myfarog.skill",
    "pk": 14,
    "fields": {
        "name": "Melee",
        "type": "CS",
        "attribute": "STR",
        "untrained": -2,
        "description": "Melee"
    }
}, {
    "model": "myfarog.skill",
    "pk": 15,
    "fields": {
        "name": "Missile",
        "type": "CS",
        "attribute": "DEX",
        "untrained": -2,
        "description": "Missile"
    }
}, {
    "model": "myfarog.skill",
    "pk": 16,
    "fields": {
        "name": "Navigation",
        "type": "SS",
        "attribute": "INT",
        "untrained": -2,
        "description": "Navigation"
    }
}, {
    "model": "myfarog.skill",
    "pk": 17,
    "fields": {
        "name": "Perception",
        "type": "SS",
        "attribute": "INT",
        "untrained": 1,
        "description": "Special case"
    }
}, {
    "model": "myfarog.skill",
    "pk": 18,
    "fields": {
        "name": "Poetry",
        "type": "SS",
        "attribute": "INT",
        "untrained": -5,
        "description": "Poetry"
    }
}, {
    "model": "myfarog.skill",
    "pk": 19,
    "fields": {
        "name": "Religious Tradition",
        "type": "SS",
        "attribute": "CHA",
        "untrained": -5,
        "description": "asdfsdf"
    }
}, {
    "model": "myfarog.skill",
    "pk": 20,
    "fields": {
        "name": "Riding",
        "type": "MS",
        "attribute": "DEX",
        "untrained": -5,
        "description": "Riding a horse"
    }
}, {
    "model": "myfarog.skill",
    "pk": 21,
    "fields": {
        "name": "Rune Lore",
        "type": "SS",
        "attribute": "INT",
        "untrained": -5,
        "description": "Rune Lore"
    }
}, {
    "model": "myfarog.skill",
    "pk": 22,
    "fields": {
        "name": "Singing",
        "type": "SS",
        "attribute": "INT",
        "untrained": -5,
        "description": "Singing"
    }
}, {
    "model": "myfarog.skill",
    "pk": 23,
    "fields": {
        "name": "Social Skills",
        "type": "SS",
        "attribute": "CHA",
        "untrained": -2,
        "description": "Social Skills"
    }
}, {
    "model": "myfarog.skill",
    "pk": 24,
    "fields": {
        "name": "Stamina",
        "type": "SS",
        "attribute": "CON",
        "untrained": 0,
        "description": "Special"
    }
}, {
    "model": "myfarog.skill",
    "pk": 25,
    "fields": {
        "name": "Stealth",
        "type": "MS",
        "attribute": "DEX",
        "untrained": 0,
        "description": "Stealth"
    }
}, {
    "model": "myfarog.skill",
    "pk": 26,
    "fields": {
        "name": "Swimming",
        "type": "MS",
        "attribute": "CON",
        "untrained": -5,
        "description": "Swimming"
    }
}, {
    "model": "myfarog.skill",
    "pk": 27,
    "fields": {
        "name": "Tempo",
        "type": "MS",
        "attribute": "STR",
        "untrained": 40,
        "description": "Special"
    }
}, {
    "model": "myfarog.skill",
    "pk": 28,
    "fields": {
        "name": "Tracking",
        "type": "SS",
        "attribute": "INT",
        "untrained": -2,
        "description": "Tracking"
    }
}, {
    "model": "myfarog.skill",
    "pk": 29,
    "fields": {
        "name": "Trickery",
        "type": "SS",
        "attribute": "DEX",
        "untrained": -2,
        "description": "Trickery"
    }
}, {
    "model": "myfarog.skill",
    "pk": 30,
    "fields": {
        "name": "World Lore",
        "type": "SS",
        "attribute": "INT",
        "untrained": -5,
        "description": "World Lore"
    }
}, {
    "model": "myfarog.skill",
    "pk": 32,
    "fields": {
        "name": "Seamanship",
        "type": "SS",
        "attribute": "INT",
        "untrained": -5,
        "description": "seasmanship"
    }
}, {
    "model": "myfarog.skill",
    "pk": 40,
    "fields": {
        "name": "Computers",
        "type": "SS",
        "attribute": "INT",
        "untrained": -5,
        "description": "Computers"
    }
}, {
    "model": "myfarog.skill",
    "pk": 41,
    "fields": {
        "name": "Driving",
        "type": "MS",
        "attribute": "DEX",
        "untrained": -5,
        "description": "Driving"
    }
}, {
    "model": "myfarog.skill",
    "pk": 42,
    "fields": {
        "name": "Science",
        "type": "SS",
        "attribute": "INT",
        "untrained": -5,
        "description": "Sciene"
    }
}, {
    "model": "myfarog.roleskill",
    "pk": 1,
    "fields": {
        "role": 7,
        "skill": 2
    }
}, {
    "model": "myfarog.roleskill",
    "pk": 2,
    "fields": {
        "role": 7,
        "skill": 3
    }
}, {
    "model": "myfarog.roleskill",
    "pk": 3,
    "fields": {
        "role": 7,
        "skill": 6
    }
}, {
    "model": "myfarog.roleskill",
    "pk": 4,
    "fields": {
        "role": 7,
        "skill": 8
    }
}, {
    "model": "myfarog.roleskill",
    "pk": 5,
    "fields": {
        "role": 7,
        "skill": 11
    }
}, {
    "model": "myfarog.roleskill",
    "pk": 6,
    "fields": {
        "role": 7,
        "skill": 12
    }
}, {
    "model": "myfarog.roleskill",
    "pk": 7,
    "fields": {
        "role": 7,
        "skill": 18
    }
}, {
    "model": "myfarog.roleskill",
    "pk": 8,
    "fields": {
        "role": 7,
        "skill": 19
    }
}, {
    "model": "myfarog.roleskill",
    "pk": 9,
    "fields": {
        "role": 7,
        "skill": 22
    }
}, {
    "model": "myfarog.roleskill",
    "pk": 10,
    "fields": {
        "role": 7,
        "skill": 23
    }
}, {
    "model": "myfarog.roleskill",
    "pk": 11,
    "fields": {
        "role": 7,
        "skill": 30
    }
}, {
    "model": "myfarog.roleskill",
    "pk": 12,
    "fields": {
        "role": 5,
        "skill": 1
    }
}, {
    "model": "myfarog.roleskill",
    "pk": 13,
    "fields": {
        "role": 5,
        "skill": 6
    }
}, {
    "model": "myfarog.roleskill",
    "pk": 14,
    "fields": {
        "role": 5,
        "skill": 8
    }
}, {
    "model": "myfarog.roleskill",
    "pk": 15,
    "fields": {
        "role": 5,
        "skill": 11
    }
}, {
    "model": "myfarog.roleskill",
    "pk": 16,
    "fields": {
        "role": 5,
        "skill": 14
    }
}, {
    "model": "myfarog.roleskill",
    "pk": 17,
    "fields": {
        "role": 5,
        "skill": 19
    }
}, {
    "model": "myfarog.roleskill",
    "pk": 18,
    "fields": {
        "role": 5,
        "skill": 24
    }
}, {
    "model": "myfarog.roleskill",
    "pk": 19,
    "fields": {
        "role": 6,
        "skill": 1
    }
}, {
    "model": "myfarog.roleskill",
    "pk": 20,
    "fields": {
        "role": 6,
        "skill": 9
    }
}, {
    "model": "myfarog.roleskill",
    "pk": 21,
    "fields": {
        "role": 6,
        "skill": 11
    }
}, {
    "model": "myfarog.roleskill",
    "pk": 22,
    "fields": {
        "role": 6,
        "skill": 15
    }
}, {
    "model": "myfarog.roleskill",
    "pk": 23,
    "fields": {
        "role": 6,
        "skill": 16
    }
}, {
    "model": "myfarog.roleskill",
    "pk": 24,
    "fields": {
        "role": 6,
        "skill": 18
    }
}, {
    "model": "myfarog.roleskill",
    "pk": 25,
    "fields": {
        "role": 6,
        "skill": 19
    }
}, {
    "model": "myfarog.roleskill",
    "pk": 26,
    "fields": {
        "role": 6,
        "skill": 24
    }
}, {
    "model": "myfarog.roleskill",
    "pk": 27,
    "fields": {
        "role": 6,
        "skill": 25
    }
}, {
    "model": "myfarog.roleskill",
    "pk": 28,
    "fields": {
        "role": 6,
        "skill": 26
    }
}, {
    "model": "myfarog.roleskill",
    "pk": 29,
    "fields": {
        "role": 6,
        "skill": 28
    }
}, {
    "model": "myfarog.roleskill",
    "pk": 30,
    "fields": {
        "role": 8,
        "skill": 3
    }
}, {
    "model": "myfarog.roleskill",
    "pk": 31,
    "fields": {
        "role": 8,
        "skill": 10
    }
}, {
    "model": "myfarog.roleskill",
    "pk": 32,
    "fields": {
        "role": 8,
        "skill": 11
    }
}, {
    "model": "myfarog.roleskill",
    "pk": 33,
    "fields": {
        "role": 8,
        "skill": 18
    }
}, {
    "model": "myfarog.roleskill",
    "pk": 34,
    "fields": {
        "role": 8,
        "skill": 21
    }
}, {
    "model": "myfarog.roleskill",
    "pk": 35,
    "fields": {
        "role": 8,
        "skill": 22
    }
}, {
    "model": "myfarog.roleskill",
    "pk": 36,
    "fields": {
        "role": 8,
        "skill": 24
    }
}, {
    "model": "myfarog.roleskill",
    "pk": 37,
    "fields": {
        "role": 8,
        "skill": 30
    }
}, {
    "model": "myfarog.roleskill",
    "pk": 38,
    "fields": {
        "role": 3,
        "skill": 1
    }
}, {
    "model": "myfarog.roleskill",
    "pk": 39,
    "fields": {
        "role": 3,
        "skill": 4
    }
}, {
    "model": "myfarog.roleskill",
    "pk": 40,
    "fields": {
        "role": 3,
        "skill": 16
    }
}, {
    "model": "myfarog.roleskill",
    "pk": 41,
    "fields": {
        "role": 3,
        "skill": 20
    }
}, {
    "model": "myfarog.roleskill",
    "pk": 42,
    "fields": {
        "role": 3,
        "skill": 24
    }
}, {
    "model": "myfarog.roleskill",
    "pk": 43,
    "fields": {
        "role": 3,
        "skill": 25
    }
}, {
    "model": "myfarog.roleskill",
    "pk": 44,
    "fields": {
        "role": 3,
        "skill": 26
    }
}, {
    "model": "myfarog.roleskill",
    "pk": 45,
    "fields": {
        "role": 3,
        "skill": 28
    }
}, {
    "model": "myfarog.roleskill",
    "pk": 46,
    "fields": {
        "role": 4,
        "skill": 1
    }
}, {
    "model": "myfarog.roleskill",
    "pk": 47,
    "fields": {
        "role": 4,
        "skill": 2
    }
}, {
    "model": "myfarog.roleskill",
    "pk": 48,
    "fields": {
        "role": 4,
        "skill": 4
    }
}, {
    "model": "myfarog.roleskill",
    "pk": 49,
    "fields": {
        "role": 4,
        "skill": 13
    }
}, {
    "model": "myfarog.roleskill",
    "pk": 50,
    "fields": {
        "role": 4,
        "skill": 23
    }
}, {
    "model": "myfarog.roleskill",
    "pk": 51,
    "fields": {
        "role": 4,
        "skill": 25
    }
}, {
    "model": "myfarog.roleskill",
    "pk": 52,
    "fields": {
        "role": 4,
        "skill": 29
    }
}, {
    "model": "myfarog.roleskill",
    "pk": 53,
    "fields": {
        "role": 2,
        "skill": 1
    }
}, {
    "model": "myfarog.roleskill",
    "pk": 54,
    "fields": {
        "role": 2,
        "skill": 14
    }
}, {
    "model": "myfarog.roleskill",
    "pk": 55,
    "fields": {
        "role": 2,
        "skill": 15
    }
}, {
    "model": "myfarog.roleskill",
    "pk": 56,
    "fields": {
        "role": 2,
        "skill": 20
    }
}, {
    "model": "myfarog.roleskill",
    "pk": 57,
    "fields": {
        "role": 2,
        "skill": 32
    }
}, {
    "model": "myfarog.roleskill",
    "pk": 58,
    "fields": {
        "role": 2,
        "skill": 24
    }
}, {
    "model": "myfarog.roleskill",
    "pk": 59,
    "fields": {
        "role": 9,
        "skill": 1
    }
}, {
    "model": "myfarog.roleskill",
    "pk": 60,
    "fields": {
        "role": 9,
        "skill": 6
    }
}, {
    "model": "myfarog.roleskill",
    "pk": 61,
    "fields": {
        "role": 9,
        "skill": 11
    }
}, {
    "model": "myfarog.roleskill",
    "pk": 62,
    "fields": {
        "role": 9,
        "skill": 15
    }
}, {
    "model": "myfarog.roleskill",
    "pk": 63,
    "fields": {
        "role": 9,
        "skill": 19
    }
}, {
    "model": "myfarog.roleskill",
    "pk": 64,
    "fields": {
        "role": 9,
        "skill": 24
    }
}, {
    "model": "myfarog.talent",
    "pk": 1,
    "fields": {
        "name": "Agressive",
        "prerequisite": null
    }
}, {
    "model": "myfarog.talent",
    "pk": 2,
    "fields": {
        "name": "Athletic",
        "prerequisite": null
    }
}, {
    "model": "myfarog.talent",
    "pk": 3,
    "fields": {
        "name": "Courageous",
        "prerequisite": null
    }
}, {
    "model": "myfarog.talent",
    "pk": 4,
    "fields": {
        "name": "Curious",
        "prerequisite": null
    }
}, {
    "model": "myfarog.talent",
    "pk": 5,
    "fields": {
        "name": "Durable",
        "prerequisite": null
    }
}, {
    "model": "myfarog.talent",
    "pk": 6,
    "fields": {
        "name": "Empathic",
        "prerequisite": null
    }
}, {
    "model": "myfarog.talent",
    "pk": 7,
    "fields": {
        "name": "Fighter",
        "prerequisite": null
    }
}, {
    "model": "myfarog.talent",
    "pk": 8,
    "fields": {
        "name": "Focused",
        "prerequisite": null
    }
}, {
    "model": "myfarog.talent",
    "pk": 9,
    "fields": {
        "name": "Good Reflexes",
        "prerequisite": null
    }
}, {
    "model": "myfarog.talent",
    "pk": 10,
    "fields": {
        "name": "Hawk-eyed",
        "prerequisite": null
    }
}, {
    "model": "myfarog.talent",
    "pk": 11,
    "fields": {
        "name": "Herbalist",
        "prerequisite": null
    }
}, {
    "model": "myfarog.talent",
    "pk": 12,
    "fields": {
        "name": "Humble",
        "prerequisite": null
    }
}, {
    "model": "myfarog.talent",
    "pk": 13,
    "fields": {
        "name": "Mariner",
        "prerequisite": null
    }
}, {
    "model": "myfarog.talent",
    "pk": 14,
    "fields": {
        "name": "Marked",
        "prerequisite": null
    }
}, {
    "model": "myfarog.talent",
    "pk": 15,
    "fields": {
        "name": "Melpogomenean",
        "prerequisite": null
    }
}, {
    "model": "myfarog.talent",
    "pk": 16,
    "fields": {
        "name": "Merman",
        "prerequisite": 21
    }
}, {
    "model": "myfarog.talent",
    "pk": 17,
    "fields": {
        "name": "Nimble",
        "prerequisite": null
    }
}, {
    "model": "myfarog.talent",
    "pk": 18,
    "fields": {
        "name": "Polyhymnian",
        "prerequisite": null
    }
}, {
    "model": "myfarog.talent",
    "pk": 19,
    "fields": {
        "name": "Strong Grip",
        "prerequisite": null
    }
}, {
    "model": "myfarog.talent",
    "pk": 20,
    "fields": {
        "name": "Survivor",
        "prerequisite": null
    }
}, {
    "model": "myfarog.talent",
    "pk": 21,
    "fields": {
        "name": "Swimmer",
        "prerequisite": null
    }
}, {
    "model": "myfarog.talent",
    "pk": 22,
    "fields": {
        "name": "Thalian",
        "prerequisite": null
    }
}, {
    "model": "myfarog.talent",
    "pk": 23,
    "fields": {
        "name": "Thrower",
        "prerequisite": null
    }
}, {
    "model": "myfarog.talent",
    "pk": 24,
    "fields": {
        "name": "Tough",
        "prerequisite": null
    }
}, {
    "model": "myfarog.talent",
    "pk": 25,
    "fields": {
        "name": "Warm Hands",
        "prerequisite": null
    }
}, {
    "model": "myfarog.talent",
    "pk": 26,
    "fields": {
        "name": "Acrobatic",
        "prerequisite": 2
    }
}, {
    "model": "myfarog.talent",
    "pk": 27,
    "fields": {
        "name": "Animal Friend",
        "prerequisite": 6
    }
}, {
    "model": "myfarog.talent",
    "pk": 28,
    "fields": {
        "name": "Arachnean",
        "prerequisite": 19
    }
}, {
    "model": "myfarog.talent",
    "pk": 29,
    "fields": {
        "name": "Argonautic",
        "prerequisite": 13
    }
}, {
    "model": "myfarog.talent",
    "pk": 30,
    "fields": {
        "name": "Tracker",
        "prerequisite": 8
    }
}, {
    "model": "myfarog.talent",
    "pk": 31,
    "fields": {
        "name": "Bloodhound",
        "prerequisite": 30
    }
}, {
    "model": "myfarog.talent",
    "pk": 32,
    "fields": {
        "name": "Calliopean",
        "prerequisite": 18
    }
}, {
    "model": "myfarog.talent",
    "pk": 33,
    "fields": {
        "name": "Careful",
        "prerequisite": 8
    }
}, {
    "model": "myfarog.talent",
    "pk": 34,
    "fields": {
        "name": "Cliopean",
        "prerequisite": 4
    }
}, {
    "model": "myfarog.talent",
    "pk": 35,
    "fields": {
        "name": "Craftsman",
        "prerequisite": 17
    }
}, {
    "model": "myfarog.talent",
    "pk": 36,
    "fields": {
        "name": "Dart Thrower",
        "prerequisite": 23
    }
}, {
    "model": "myfarog.talent",
    "pk": 37,
    "fields": {
        "name": "Dodger",
        "prerequisite": 9
    }
}, {
    "model": "myfarog.talent",
    "pk": 38,
    "fields": {
        "name": "Enduring",
        "prerequisite": 2
    }
}, {
    "model": "myfarog.talent",
    "pk": 39,
    "fields": {
        "name": "Eratorean",
        "prerequisite": 18
    }
}, {
    "model": "myfarog.talent",
    "pk": 40,
    "fields": {
        "name": "Euterpean",
        "prerequisite": 18
    }
}, {
    "model": "myfarog.talent",
    "pk": 41,
    "fields": {
        "name": "Fast",
        "prerequisite": 2
    }
}, {
    "model": "myfarog.talent",
    "pk": 42,
    "fields": {
        "name": "Favourite",
        "prerequisite": 14
    }
}, {
    "model": "myfarog.talent",
    "pk": 43,
    "fields": {
        "name": "Fearless",
        "prerequisite": 3
    }
}, {
    "model": "myfarog.talent",
    "pk": 44,
    "fields": {
        "name": "Fist Fighter",
        "prerequisite": 7
    }
}, {
    "model": "myfarog.talent",
    "pk": 45,
    "fields": {
        "name": "Hephaestusean",
        "prerequisite": 35
    }
}, {
    "model": "myfarog.talent",
    "pk": 46,
    "fields": {
        "name": "Heraklean",
        "prerequisite": 7
    }
}, {
    "model": "myfarog.talent",
    "pk": 47,
    "fields": {
        "name": "Inquisitive",
        "prerequisite": 34
    }
}, {
    "model": "myfarog.talent",
    "pk": 48,
    "fields": {
        "name": "Lancer",
        "prerequisite": 7
    }
}, {
    "model": "myfarog.talent",
    "pk": 49,
    "fields": {
        "name": "Light Footed",
        "prerequisite": 33
    }
}, {
    "model": "myfarog.talent",
    "pk": 50,
    "fields": {
        "name": "Mechanic",
        "prerequisite": 17
    }
}, {
    "model": "myfarog.talent",
    "pk": 51,
    "fields": {
        "name": "Perseusean",
        "prerequisite": 9
    }
}, {
    "model": "myfarog.talent",
    "pk": 52,
    "fields": {
        "name": "Pietistic",
        "prerequisite": 12
    }
}, {
    "model": "myfarog.talent",
    "pk": 53,
    "fields": {
        "name": "Rider",
        "prerequisite": 27
    }
}, {
    "model": "myfarog.talent",
    "pk": 54,
    "fields": {
        "name": "Sensitive",
        "prerequisite": 6
    }
}, {
    "model": "myfarog.talent",
    "pk": 55,
    "fields": {
        "name": "Shooter",
        "prerequisite": 8
    }
}, {
    "model": "myfarog.talent",
    "pk": 56,
    "fields": {
        "name": "Sharpshooter",
        "prerequisite": 55
    }
}, {
    "model": "myfarog.talent",
    "pk": 57,
    "fields": {
        "name": "Sirenean",
        "prerequisite": 18
    }
}, {
    "model": "myfarog.talent",
    "pk": 58,
    "fields": {
        "name": "Slinger",
        "prerequisite": 23
    }
}, {
    "model": "myfarog.talent",
    "pk": 59,
    "fields": {
        "name": "Spear Thrower",
        "prerequisite": 23
    }
}, {
    "model": "myfarog.talent",
    "pk": 60,
    "fields": {
        "name": "Springy",
        "prerequisite": 2
    }
}, {
    "model": "myfarog.talent",
    "pk": 61,
    "fields": {
        "name": "Sword Dancer",
        "prerequisite": 7
    }
}, {
    "model": "myfarog.talent",
    "pk": 62,
    "fields": {
        "name": "Terpsichorean",
        "prerequisite": 26
    }
}, {
    "model": "myfarog.talent",
    "pk": 63,
    "fields": {
        "name": "Trickster",
        "prerequisite": 17
    }
}, {
    "model": "myfarog.talent",
    "pk": 64,
    "fields": {
        "name": "Uranian",
        "prerequisite": 30
    }
}, {
    "model": "myfarog.talent",
    "pk": 65,
    "fields": {
        "name": "Zevsean",
        "prerequisite": 23
    }
}, {
    "model": "myfarog.talent",
    "pk": 66,
    "fields": {
        "name": "Driver",
        "prerequisite": null
    }
}, {
    "model": "myfarog.talentskill",
    "pk": 1,
    "fields": {
        "talent": 26,
        "skill": 1,
        "mod": 2
    }
}, {
    "model": "myfarog.talentskill",
    "pk": 2,
    "fields": {
        "talent": 26,
        "skill": 6,
        "mod": 2
    }
}, {
    "model": "myfarog.talentskill",
    "pk": 4,
    "fields": {
        "talent": 27,
        "skill": 20,
        "mod": 2
    }
}, {
    "model": "myfarog.talentskill",
    "pk": 5,
    "fields": {
        "talent": 28,
        "skill": 4,
        "mod": 2
    }
}, {
    "model": "myfarog.talentskill",
    "pk": 6,
    "fields": {
        "talent": 29,
        "skill": 32,
        "mod": 2
    }
}, {
    "model": "myfarog.talentskill",
    "pk": 7,
    "fields": {
        "talent": 2,
        "skill": 27,
        "mod": 5
    }
}, {
    "model": "myfarog.talentskill",
    "pk": 8,
    "fields": {
        "talent": 31,
        "skill": 28,
        "mod": 2
    }
}, {
    "model": "myfarog.talentskill",
    "pk": 9,
    "fields": {
        "talent": 32,
        "skill": 18,
        "mod": 2
    }
}, {
    "model": "myfarog.talentskill",
    "pk": 10,
    "fields": {
        "talent": 33,
        "skill": 17,
        "mod": 1
    }
}, {
    "model": "myfarog.talentskill",
    "pk": 11,
    "fields": {
        "talent": 33,
        "skill": 25,
        "mod": 2
    }
}, {
    "model": "myfarog.talentskill",
    "pk": 12,
    "fields": {
        "talent": 34,
        "skill": 30,
        "mod": 2
    }
}, {
    "model": "myfarog.talentskill",
    "pk": 14,
    "fields": {
        "talent": 35,
        "skill": 5,
        "mod": 2
    }
}, {
    "model": "myfarog.talentskill",
    "pk": 15,
    "fields": {
        "talent": 4,
        "skill": 30,
        "mod": 2
    }
}, {
    "model": "myfarog.talentskill",
    "pk": 16,
    "fields": {
        "talent": 36,
        "skill": 15,
        "mod": 1
    }
}, {
    "model": "myfarog.talentskill",
    "pk": 17,
    "fields": {
        "talent": 37,
        "skill": 7,
        "mod": 1
    }
}, {
    "model": "myfarog.talentskill",
    "pk": 19,
    "fields": {
        "talent": 5,
        "skill": 24,
        "mod": 2
    }
}, {
    "model": "myfarog.talentskill",
    "pk": 20,
    "fields": {
        "talent": 6,
        "skill": 23,
        "mod": 2
    }
}, {
    "model": "myfarog.talentskill",
    "pk": 21,
    "fields": {
        "talent": 6,
        "skill": 11,
        "mod": 2
    }
}, {
    "model": "myfarog.talentskill",
    "pk": 22,
    "fields": {
        "talent": 38,
        "skill": 24,
        "mod": 2
    }
}, {
    "model": "myfarog.talentskill",
    "pk": 23,
    "fields": {
        "talent": 39,
        "skill": 12,
        "mod": 2
    }
}, {
    "model": "myfarog.talentskill",
    "pk": 24,
    "fields": {
        "talent": 40,
        "skill": 8,
        "mod": 2
    }
}, {
    "model": "myfarog.talentskill",
    "pk": 25,
    "fields": {
        "talent": 41,
        "skill": 27,
        "mod": 5
    }
}, {
    "model": "myfarog.talentskill",
    "pk": 26,
    "fields": {
        "talent": 42,
        "skill": 10,
        "mod": 2
    }
}, {
    "model": "myfarog.talentskill",
    "pk": 28,
    "fields": {
        "talent": 7,
        "skill": 14,
        "mod": 1
    }
}, {
    "model": "myfarog.talentskill",
    "pk": 29,
    "fields": {
        "talent": 44,
        "skill": 14,
        "mod": 1
    }
}, {
    "model": "myfarog.talentskill",
    "pk": 30,
    "fields": {
        "talent": 8,
        "skill": 17,
        "mod": 1
    }
}, {
    "model": "myfarog.talentskill",
    "pk": 32,
    "fields": {
        "talent": 9,
        "skill": 7,
        "mod": 1
    }
}, {
    "model": "myfarog.talentskill",
    "pk": 33,
    "fields": {
        "talent": 45,
        "skill": 5,
        "mod": 2
    }
}, {
    "model": "myfarog.talentskill",
    "pk": 34,
    "fields": {
        "talent": 46,
        "skill": 14,
        "mod": 1
    }
}, {
    "model": "myfarog.talentskill",
    "pk": 35,
    "fields": {
        "talent": 11,
        "skill": 3,
        "mod": 2
    }
}, {
    "model": "myfarog.talentskill",
    "pk": 36,
    "fields": {
        "talent": 11,
        "skill": 9,
        "mod": 2
    }
}, {
    "model": "myfarog.talentskill",
    "pk": 37,
    "fields": {
        "talent": 12,
        "skill": 19,
        "mod": 2
    }
}, {
    "model": "myfarog.talentskill",
    "pk": 38,
    "fields": {
        "talent": 47,
        "skill": 21,
        "mod": 2
    }
}, {
    "model": "myfarog.talentskill",
    "pk": 39,
    "fields": {
        "talent": 47,
        "skill": 3,
        "mod": 2
    }
}, {
    "model": "myfarog.talentskill",
    "pk": 40,
    "fields": {
        "talent": 48,
        "skill": 14,
        "mod": 1
    }
}, {
    "model": "myfarog.talentskill",
    "pk": 41,
    "fields": {
        "talent": 49,
        "skill": 25,
        "mod": 2
    }
}, {
    "model": "myfarog.talentskill",
    "pk": 43,
    "fields": {
        "talent": 13,
        "skill": 32,
        "mod": 2
    }
}, {
    "model": "myfarog.talentskill",
    "pk": 44,
    "fields": {
        "talent": 14,
        "skill": 10,
        "mod": 2
    }
}, {
    "model": "myfarog.talentskill",
    "pk": 45,
    "fields": {
        "talent": 50,
        "skill": 13,
        "mod": 2
    }
}, {
    "model": "myfarog.talentskill",
    "pk": 46,
    "fields": {
        "talent": 15,
        "skill": 2,
        "mod": 2
    }
}, {
    "model": "myfarog.talentskill",
    "pk": 47,
    "fields": {
        "talent": 16,
        "skill": 26,
        "mod": 2
    }
}, {
    "model": "myfarog.talentskill",
    "pk": 48,
    "fields": {
        "talent": 17,
        "skill": 13,
        "mod": 2
    }
}, {
    "model": "myfarog.talentskill",
    "pk": 49,
    "fields": {
        "talent": 17,
        "skill": 29,
        "mod": 2
    }
}, {
    "model": "myfarog.talentskill",
    "pk": 50,
    "fields": {
        "talent": 52,
        "skill": 19,
        "mod": 2
    }
}, {
    "model": "myfarog.talentskill",
    "pk": 51,
    "fields": {
        "talent": 18,
        "skill": 8,
        "mod": 2
    }
}, {
    "model": "myfarog.talentskill",
    "pk": 52,
    "fields": {
        "talent": 18,
        "skill": 12,
        "mod": 2
    }
}, {
    "model": "myfarog.talentskill",
    "pk": 53,
    "fields": {
        "talent": 18,
        "skill": 18,
        "mod": 2
    }
}, {
    "model": "myfarog.talentskill",
    "pk": 54,
    "fields": {
        "talent": 18,
        "skill": 22,
        "mod": 2
    }
}, {
    "model": "myfarog.talentskill",
    "pk": 55,
    "fields": {
        "talent": 53,
        "skill": 20,
        "mod": 2
    }
}, {
    "model": "myfarog.talentskill",
    "pk": 56,
    "fields": {
        "talent": 54,
        "skill": 21,
        "mod": 2
    }
}, {
    "model": "myfarog.talentskill",
    "pk": 57,
    "fields": {
        "talent": 56,
        "skill": 15,
        "mod": 1
    }
}, {
    "model": "myfarog.talentskill",
    "pk": 58,
    "fields": {
        "talent": 55,
        "skill": 15,
        "mod": 1
    }
}, {
    "model": "myfarog.talentskill",
    "pk": 59,
    "fields": {
        "talent": 57,
        "skill": 22,
        "mod": 2
    }
}, {
    "model": "myfarog.talentskill",
    "pk": 60,
    "fields": {
        "talent": 58,
        "skill": 15,
        "mod": 1
    }
}, {
    "model": "myfarog.talentskill",
    "pk": 61,
    "fields": {
        "talent": 59,
        "skill": 15,
        "mod": 1
    }
}, {
    "model": "myfarog.talentskill",
    "pk": 62,
    "fields": {
        "talent": 60,
        "skill": 1,
        "mod": 2
    }
}, {
    "model": "myfarog.talentskill",
    "pk": 63,
    "fields": {
        "talent": 19,
        "skill": 4,
        "mod": 2
    }
}, {
    "model": "myfarog.talentskill",
    "pk": 66,
    "fields": {
        "talent": 20,
        "skill": 9,
        "mod": 2
    }
}, {
    "model": "myfarog.talentskill",
    "pk": 67,
    "fields": {
        "talent": 21,
        "skill": 26,
        "mod": 2
    }
}, {
    "model": "myfarog.talentskill",
    "pk": 68,
    "fields": {
        "talent": 61,
        "skill": 14,
        "mod": 1
    }
}, {
    "model": "myfarog.talentskill",
    "pk": 69,
    "fields": {
        "talent": 62,
        "skill": 6,
        "mod": 2
    }
}, {
    "model": "myfarog.talentskill",
    "pk": 70,
    "fields": {
        "talent": 22,
        "skill": 23,
        "mod": 2
    }
}, {
    "model": "myfarog.talentskill",
    "pk": 71,
    "fields": {
        "talent": 22,
        "skill": 2,
        "mod": 2
    }
}, {
    "model": "myfarog.talentskill",
    "pk": 72,
    "fields": {
        "talent": 23,
        "skill": 15,
        "mod": 1
    }
}, {
    "model": "myfarog.talentskill",
    "pk": 76,
    "fields": {
        "talent": 30,
        "skill": 28,
        "mod": 2
    }
}, {
    "model": "myfarog.talentskill",
    "pk": 77,
    "fields": {
        "talent": 30,
        "skill": 16,
        "mod": 2
    }
}, {
    "model": "myfarog.talentskill",
    "pk": 78,
    "fields": {
        "talent": 63,
        "skill": 29,
        "mod": 2
    }
}, {
    "model": "myfarog.talentskill",
    "pk": 79,
    "fields": {
        "talent": 64,
        "skill": 16,
        "mod": 2
    }
}, {
    "model": "myfarog.talentskill",
    "pk": 80,
    "fields": {
        "talent": 25,
        "skill": 11,
        "mod": 2
    }
}, {
    "model": "myfarog.talentskill",
    "pk": 81,
    "fields": {
        "talent": 65,
        "skill": 15,
        "mod": 1
    }
}, {
    "model": "myfarog.talentskill",
    "pk": 82,
    "fields": {
        "talent": 66,
        "skill": 41,
        "mod": 2
    }
}, {
    "model": "myfarog.talentextra",
    "pk": 1,
    "fields": {
        "talent": 1,
        "extra": "Initiative",
        "mod": 1
    }
}, {
    "model": "myfarog.talentextra",
    "pk": 2,
    "fields": {
        "talent": 3,
        "extra": "Morale",
        "mod": 2
    }
}, {
    "model": "myfarog.talentextra",
    "pk": 3,
    "fields": {
        "talent": 5,
        "extra": "Heat Toughness",
        "mod": 1
    }
}, {
    "model": "myfarog.talentextra",
    "pk": 4,
    "fields": {
        "talent": 20,
        "extra": "Cold Toughness",
        "mod": 1
    }
}, {
    "model": "myfarog.talentextra",
    "pk": 5,
    "fields": {
        "talent": 20,
        "extra": "Disease Resistance",
        "mod": 1
    }
}, {
    "model": "myfarog.talentextra",
    "pk": 6,
    "fields": {
        "talent": 24,
        "extra": "Electrical Toughness",
        "mod": 1
    }
}, {
    "model": "myfarog.talentextra",
    "pk": 7,
    "fields": {
        "talent": 24,
        "extra": "Physical Toughness",
        "mod": 1
    }
}, {
    "model": "myfarog.talentextra",
    "pk": 8,
    "fields": {
        "talent": 24,
        "extra": "Posion Resistance",
        "mod": 1
    }
}, {
    "model": "myfarog.talentextra",
    "pk": 9,
    "fields": {
        "talent": 9,
        "extra": "Initiative",
        "mod": 1
    }
}, {
    "model": "myfarog.talentextra",
    "pk": 10,
    "fields": {
        "talent": 43,
        "extra": "Morale",
        "mod": 2
    }
}, {
    "model": "myfarog.spellelement",
    "pk": 1,
    "fields": {
        "name": "Air",
        "symbol": "\u25b2"
    }
}, {
    "model": "myfarog.spellelement",
    "pk": 2,
    "fields": {
        "name": "Earth",
        "symbol": "\u25bc"
    }
}, {
    "model": "myfarog.spellelement",
    "pk": 3,
    "fields": {
        "name": "Fire",
        "symbol": "\u25b3"
    }
}, {
    "model": "myfarog.spellelement",
    "pk": 4,
    "fields": {
        "name": "Water",
        "symbol": "\u25bd"
    }
}, {
    "model": "myfarog.spellelement",
    "pk": 5,
    "fields": {
        "name": "Spirit",
        "symbol": "\u25cf"
    }
}, {
    "model": "myfarog.spell",
    "pk": 1,
    "fields": {
        "name": "Alarm Bell",
        "description": "An alarm bell that only the spell-caster can hear will ring and ward him if certain conditions are present in an alarm zone.  The alarm zone is an area up to 20' radius large.  The spell-caster can himself define what shall trigger the alarm bell.  if can be if a certain creature enters, or if a certain number of gold nuggets are present, if the temperature drops below 0, or whatever.  The imagine of the player is the only limit.  A character entering an alarm zone can test his Rune Lore against a DD equal to 15 to understand that he has entered some sort of sorcerous zone.",
        "power_level": 1,
        "elements": [1, 2, 3, 4, 5]
    }
}, {
    "model": "myfarog.spell",
    "pk": 2,
    "fields": {
        "name": "Awakening",
        "description": "AWAK",
        "power_level": 3,
        "elements": [3]
    }
}, {
    "model": "myfarog.spell",
    "pk": 3,
    "fields": {
        "name": "Bear Hug",
        "description": "Bear Hug",
        "power_level": 1,
        "elements": [4]
    }
}, {
    "model": "myfarog.spell",
    "pk": 4,
    "fields": {
        "name": "Calm Creature",
        "description": "Calm Creature",
        "power_level": 1,
        "elements": [1, 2, 3, 4, 5]
    }
}, {
    "model": "myfarog.spell",
    "pk": 5,
    "fields": {
        "name": "Charm",
        "description": "Charm",
        "power_level": 1,
        "elements": [1, 2, 3, 4]
    }
}, {
    "model": "myfarog.spell",
    "pk": 6,
    "fields": {
        "name": "Clairvoyance",
        "description": "Clairvoyance",
        "power_level": 3,
        "elements": [1, 3, 4, 5]
    }
}, {
    "model": "myfarog.spell",
    "pk": 7,
    "fields": {
        "name": "Conscience",
        "description": "Conscience",
        "power_level": 4,
        "elements": [1, 2, 3, 4, 5]
    }
}, {
    "model": "myfarog.spell",
    "pk": 8,
    "fields": {
        "name": "Courage",
        "description": "Courage",
        "power_level": 1,
        "elements": [1, 2, 3, 4, 5]
    }
}, {
    "model": "myfarog.spell",
    "pk": 9,
    "fields": {
        "name": "Create Hulda",
        "description": "Create Hulda",
        "power_level": 9,
        "elements": [2]
    }
}, {
    "model": "myfarog.spell",
    "pk": 10,
    "fields": {
        "name": "Creatue Stone Guardian",
        "description": "Create Stone Guardian",
        "power_level": 10,
        "elements": [5]
    }
}, {
    "model": "myfarog.spell",
    "pk": 11,
    "fields": {
        "name": "Create Nar",
        "description": "Create Nar",
        "power_level": 3,
        "elements": [2]
    }
}, {
    "model": "myfarog.spell",
    "pk": 12,
    "fields": {
        "name": "Create Wight",
        "description": "Create Wight",
        "power_level": 5,
        "elements": [2]
    }
}, {
    "model": "myfarog.spell",
    "pk": 13,
    "fields": {
        "name": "Cure Malaria",
        "description": "Cure Malaria (Influenza)",
        "power_level": 1,
        "elements": [1, 2, 3, 4, 5]
    }
}, {
    "model": "myfarog.spell",
    "pk": 14,
    "fields": {
        "name": "Cure Trama",
        "description": "Cure Trama",
        "power_level": 3,
        "elements": [1, 2, 3, 4, 5]
    }
}, {
    "model": "myfarog.spell",
    "pk": 15,
    "fields": {
        "name": "Curse",
        "description": "Curse",
        "power_level": 3,
        "elements": [2, 4, 5]
    }
}, {
    "model": "myfarog.spell",
    "pk": 16,
    "fields": {
        "name": "Disclose Observation",
        "description": "Disclose Observation",
        "power_level": 4,
        "elements": [1, 3, 5]
    }
}, {
    "model": "myfarog.spell",
    "pk": 17,
    "fields": {
        "name": "Discover Posion",
        "description": "DP",
        "power_level": 1,
        "elements": [1, 2, 3, 4, 5]
    }
}, {
    "model": "myfarog.spell",
    "pk": 18,
    "fields": {
        "name": "Dispel",
        "description": "Dispel",
        "power_level": 3,
        "elements": [1, 2, 3, 4, 5]
    }
}, {
    "model": "myfarog.spell",
    "pk": 19,
    "fields": {
        "name": "Divine Language",
        "description": "DL",
        "power_level": 2,
        "elements": [1, 5]
    }
}, {
    "model": "myfarog.spell",
    "pk": 20,
    "fields": {
        "name": "Divine Senses",
        "description": "Divine Senses",
        "power_level": 1,
        "elements": [1, 2, 3, 4, 5]
    }
}, {
    "model": "myfarog.spell",
    "pk": 21,
    "fields": {
        "name": "Eternal Flame",
        "description": "EF",
        "power_level": 2,
        "elements": [3]
    }
}, {
    "model": "myfarog.spell",
    "pk": 22,
    "fields": {
        "name": "Ettin Eyes",
        "description": "EE",
        "power_level": 2,
        "elements": [2, 4]
    }
}, {
    "model": "myfarog.spell",
    "pk": 23,
    "fields": {
        "name": "False Sound",
        "description": "FS",
        "power_level": 1,
        "elements": [1, 4, 5]
    }
}, {
    "model": "myfarog.spell",
    "pk": 24,
    "fields": {
        "name": "Fear",
        "description": "Fear",
        "power_level": 1,
        "elements": [1, 2, 3, 4, 5]
    }
}, {
    "model": "myfarog.spell",
    "pk": 25,
    "fields": {
        "name": "Fireball",
        "description": "Fireball",
        "power_level": 5,
        "elements": [3]
    }
}, {
    "model": "myfarog.spell",
    "pk": 26,
    "fields": {
        "name": "Fire Bolt",
        "description": "Fire Bolt",
        "power_level": 3,
        "elements": [3]
    }
}, {
    "model": "myfarog.spell",
    "pk": 27,
    "fields": {
        "name": "Flight",
        "description": "Fly",
        "power_level": 5,
        "elements": [1, 3, 5]
    }
}, {
    "model": "myfarog.spell",
    "pk": 28,
    "fields": {
        "name": "Fog",
        "description": "Fog",
        "power_level": 1,
        "elements": [1, 4]
    }
}, {
    "model": "myfarog.spell",
    "pk": 29,
    "fields": {
        "name": "Fruit of Nature",
        "description": "FoN",
        "power_level": 1,
        "elements": [1, 2, 3, 4, 5]
    }
}, {
    "model": "myfarog.spell",
    "pk": 30,
    "fields": {
        "name": "Fulgjon",
        "description": "Follower",
        "power_level": 1,
        "elements": [1, 2, 3, 4, 5]
    }
}, {
    "model": "myfarog.spell",
    "pk": 31,
    "fields": {
        "name": "Fumble-Foe",
        "description": "FF",
        "power_level": 3,
        "elements": [2, 4, 5]
    }
}, {
    "model": "myfarog.spell",
    "pk": 32,
    "fields": {
        "name": "Ghost Feet",
        "description": "GF",
        "power_level": 1,
        "elements": [2, 4, 5]
    }
}, {
    "model": "myfarog.spell",
    "pk": 33,
    "fields": {
        "name": "Grace of NurpuR",
        "description": "Water Runner",
        "power_level": 2,
        "elements": [4]
    }
}, {
    "model": "myfarog.spell",
    "pk": 34,
    "fields": {
        "name": "Hammer",
        "description": "Hammer",
        "power_level": 5,
        "elements": [2, 3]
    }
}, {
    "model": "myfarog.spell",
    "pk": 35,
    "fields": {
        "name": "Heal",
        "description": "Heal",
        "power_level": 1,
        "elements": [1, 2, 3, 4, 5]
    }
}, {
    "model": "myfarog.spell",
    "pk": 36,
    "fields": {
        "name": "Heat Signature",
        "description": "HS",
        "power_level": 2,
        "elements": [1, 2, 3, 4, 5]
    }
}, {
    "model": "myfarog.spell",
    "pk": 37,
    "fields": {
        "name": "Hood of HadnuR",
        "description": "Shadow",
        "power_level": 1,
        "elements": [2]
    }
}, {
    "model": "myfarog.spell",
    "pk": 38,
    "fields": {
        "name": "Hostility",
        "description": "Hostility",
        "power_level": 1,
        "elements": [1, 4]
    }
}, {
    "model": "myfarog.spell",
    "pk": 39,
    "fields": {
        "name": "Hunt",
        "description": "Hunt",
        "power_level": 1,
        "elements": [4]
    }
}, {
    "model": "myfarog.spell",
    "pk": 40,
    "fields": {
        "name": "Ice Heart",
        "description": "Cast upon a swords & daggers weapon or an arrowhead (and for Sorcerers a bolt-head or a spear weapon as well).  The weapon inflicts D8 (PL 3), D10 (PL 4), or D12 (PL 5) extra Cold Damage to a target if the attacker achieves at least a Near Miss.",
        "power_level": 3,
        "elements": [4]
    }
}, {
    "model": "myfarog.spell",
    "pk": 41,
    "fields": {
        "name": "Illusion",
        "description": "Illusion",
        "power_level": 3,
        "elements": [1, 2, 3, 4, 5]
    }
}, {
    "model": "myfarog.spell",
    "pk": 42,
    "fields": {
        "name": "Initiate",
        "description": "Only for Favours",
        "power_level": 5,
        "elements": []
    }
}, {
    "model": "myfarog.spell",
    "pk": 43,
    "fields": {
        "name": "Levitation",
        "description": "Levitation",
        "power_level": 2,
        "elements": [1, 3, 5]
    }
}, {
    "model": "myfarog.spell",
    "pk": 44,
    "fields": {
        "name": "Light",
        "description": "Light",
        "power_level": 1,
        "elements": [1, 3, 4]
    }
}, {
    "model": "myfarog.spell",
    "pk": 45,
    "fields": {
        "name": "Lightning",
        "description": "Lightning",
        "power_level": 6,
        "elements": [1]
    }
}, {
    "model": "myfarog.spell",
    "pk": 46,
    "fields": {
        "name": "Lung of NerpuR",
        "description": "Air Bubble",
        "power_level": 4,
        "elements": [3]
    }
}, {
    "model": "myfarog.spell",
    "pk": 47,
    "fields": {
        "name": "Magenerpi",
        "description": "Belt of Strength",
        "power_level": 2,
        "elements": [2, 3]
    }
}, {
    "model": "myfarog.spell",
    "pk": 48,
    "fields": {
        "name": "Malaria",
        "description": "Influenza",
        "power_level": 1,
        "elements": [2, 4]
    }
}, {
    "model": "myfarog.spell",
    "pk": 49,
    "fields": {
        "name": "Manipulate Water",
        "description": "MW",
        "power_level": 4,
        "elements": [4]
    }
}, {
    "model": "myfarog.spell",
    "pk": 50,
    "fields": {
        "name": "Manipulate Weather",
        "description": "MW",
        "power_level": 4,
        "elements": [1]
    }
}, {
    "model": "myfarog.spell",
    "pk": 51,
    "fields": {
        "name": "Manipulate Wind",
        "description": "MW",
        "power_level": 3,
        "elements": [1]
    }
}, {
    "model": "myfarog.spell",
    "pk": 52,
    "fields": {
        "name": "Mask",
        "description": "Mask",
        "power_level": 1,
        "elements": [1, 2, 3, 4, 5]
    }
}, {
    "model": "myfarog.spell",
    "pk": 53,
    "fields": {
        "name": "Mind Control",
        "description": "MC",
        "power_level": 4,
        "elements": [1, 2, 3, 4, 5]
    }
}, {
    "model": "myfarog.spell",
    "pk": 54,
    "fields": {
        "name": "Mind Reading",
        "description": "MR",
        "power_level": 2,
        "elements": [1, 5]
    }
}, {
    "model": "myfarog.spell",
    "pk": 55,
    "fields": {
        "name": "Mistletoe",
        "description": "Mistletoe",
        "power_level": 10,
        "elements": [1, 2, 3, 4, 5]
    }
}, {
    "model": "myfarog.spell",
    "pk": 56,
    "fields": {
        "name": "Moss Mask",
        "description": "MM",
        "power_level": 1,
        "elements": [2]
    }
}, {
    "model": "myfarog.spell",
    "pk": 57,
    "fields": {
        "name": "Neutalise Posion",
        "description": "NP",
        "power_level": 1,
        "elements": [1, 2, 3, 4]
    }
}, {
    "model": "myfarog.spell",
    "pk": 58,
    "fields": {
        "name": "Night Vision",
        "description": "NV",
        "power_level": 1,
        "elements": [2, 4]
    }
}, {
    "model": "myfarog.spell",
    "pk": 59,
    "fields": {
        "name": "Observation",
        "description": "Observation",
        "power_level": 6,
        "elements": [1, 3, 4, 5]
    }
}, {
    "model": "myfarog.spell",
    "pk": 60,
    "fields": {
        "name": "Paralyse",
        "description": "Paralyse",
        "power_level": 4,
        "elements": [1, 2, 3, 4, 5]
    }
}, {
    "model": "myfarog.spell",
    "pk": 61,
    "fields": {
        "name": "Petrifacation",
        "description": "Petrify",
        "power_level": 8,
        "elements": [2]
    }
}, {
    "model": "myfarog.spell",
    "pk": 62,
    "fields": {
        "name": "Poison",
        "description": "Poison",
        "power_level": 1,
        "elements": [2, 4]
    }
}, {
    "model": "myfarog.spell",
    "pk": 63,
    "fields": {
        "name": "Purify Nutrition",
        "description": "2 day rations of drink and food * spell PL is purified of all poisons.",
        "power_level": 1,
        "elements": [1, 2, 3, 4]
    }
}, {
    "model": "myfarog.spell",
    "pk": 64,
    "fields": {
        "name": "Remove Curse",
        "description": "Removes a curse.  To remove the curse, the spell-caster tests his spell proficiency of the spell-caster who cursed the cursed individual / object.",
        "power_level": 3,
        "elements": []
    }
}, {
    "model": "myfarog.spell",
    "pk": 65,
    "fields": {
        "name": "Remove Paralysis",
        "description": "Removes paralysis from one individual.  To succeed doing this the spell-caster needs to test his spell proficiency against a DD equal to 9 + the spell proficiency of the spell-caster who paralysed the paralysed individual/object.",
        "power_level": 3,
        "elements": [1, 2, 3, 4, 5]
    }
}, {
    "model": "myfarog.spell",
    "pk": 66,
    "fields": {
        "name": "Resist Disease",
        "description": "An individual is given increased Disease Resistance equal to the spell-caster's spell proficiency.  This spell does not help already diseased individuals.",
        "power_level": 1,
        "elements": [1, 2, 3, 4]
    }
}, {
    "model": "myfarog.spell",
    "pk": 67,
    "fields": {
        "name": "Resist Poison",
        "description": "An individual is given increased Poison Resistance equal to the spell-caster's spell proficiency.  This spell does not help already poisoned individuals.",
        "power_level": 1,
        "elements": [1, 2, 3, 4]
    }
}, {
    "model": "myfarog.spell",
    "pk": 68,
    "fields": {
        "name": "Restoration",
        "description": "Restores all damaged character attributes in an individual (PL 1).  If the damage is defined as irreparable the damaged attributes can be restored anyhow if the spell is cast with PL 10.",
        "power_level": 1,
        "elements": [1, 2, 3, 4]
    }
}, {
    "model": "myfarog.spell",
    "pk": 69,
    "fields": {
        "name": "Resurrection",
        "description": "bring back to life",
        "power_level": 9,
        "elements": [1, 2, 3, 4]
    }
}, {
    "model": "myfarog.spell",
    "pk": 70,
    "fields": {
        "name": "Reverse Petrification",
        "description": "A petrified individual can be turned back into original form.  The spell-caster must test his spell proficiency against a DD equal to 12 + the spell proficiency of the petrifier.",
        "power_level": 6,
        "elements": [2]
    }
}, {
    "model": "myfarog.spell",
    "pk": 71,
    "fields": {
        "name": "Sanctuary",
        "description": "A sanctuary up to 50' radius is created.",
        "power_level": 2,
        "elements": [1, 2, 3, 4, 5]
    }
}, {
    "model": "myfarog.spell",
    "pk": 72,
    "fields": {
        "name": "Sacred Ground",
        "description": "An area up to 50' radius large is turned in a sacred ground.",
        "power_level": 2,
        "elements": [1, 2, 3, 4, 5]
    }
}, {
    "model": "myfarog.spell",
    "pk": 73,
    "fields": {
        "name": "Seven-Mile-Boots",
        "description": "The target of this spell can add the spell PL * 5' to his Tempo skill (but not in relation to climbing, crawling, sneaking and tracking) and also jump twice as long and high.",
        "power_level": 1,
        "elements": [1]
    }
}, {
    "model": "myfarog.spell",
    "pk": 74,
    "fields": {
        "name": "Silence",
        "description": "No sound can escape from a 20' radius large zone, centered on an object or individual.",
        "power_level": 3,
        "elements": [2, 3, 4, 5]
    }
}, {
    "model": "myfarog.spell",
    "pk": 75,
    "fields": {
        "name": "Snowflake",
        "description": "An object or individual falls like a snowflake to the ground.",
        "power_level": 1,
        "elements": [1, 3, 5]
    }
}, {
    "model": "myfarog.spell",
    "pk": 76,
    "fields": {
        "name": "Sorcerous Shape",
        "description": "The spell-caster can create a hamr of any animal skin he may come across.",
        "power_level": 8,
        "elements": [1, 2, 3, 4, 5]
    }
}, {
    "model": "myfarog.spell",
    "pk": 77,
    "fields": {
        "name": "Sorcerous Sleep",
        "description": "One individual falls asleep, and can not be awoken by normal means.",
        "power_level": 1,
        "elements": [1, 2, 3, 4, 5]
    }
}, {
    "model": "myfarog.spell",
    "pk": 78,
    "fields": {
        "name": "Spirit Voice",
        "description": "A voice can be heard from somewhere when certain conditions are met.",
        "power_level": 1,
        "elements": [1, 4, 5]
    }
}, {
    "model": "myfarog.spell",
    "pk": 79,
    "fields": {
        "name": "Summon Creature",
        "description": "A creature is summoned to serve the spell-caster.",
        "power_level": 1,
        "elements": [1, 2, 3, 4, 5]
    }
}, {
    "model": "myfarog.spell",
    "pk": 80,
    "fields": {
        "name": "Telekinesis",
        "description": "An individual or object weighing up to 255 lbs can be lifted and moved about with a speed of 1' per second.",
        "power_level": 1,
        "elements": [1, 3]
    }
}, {
    "model": "myfarog.spell",
    "pk": 81,
    "fields": {
        "name": "Telepathy",
        "description": "The spell-caster can communicate with another human being from a distance, even if the other individual is sleeping.",
        "power_level": 4,
        "elements": [1, 2, 3, 4, 5]
    }
}, {
    "model": "myfarog.spell",
    "pk": 82,
    "fields": {
        "name": "Teleportation",
        "description": "An object or individual touched is teleported to a location up to 1000' away and in sight of the spell-caster.",
        "power_level": 7,
        "elements": [5]
    }
}, {
    "model": "myfarog.spell",
    "pk": 83,
    "fields": {
        "name": "Totem Animal",
        "description": "The spell-caster is not affected by fear, he will bot be stunned and not be knocked unconscious",
        "power_level": 1,
        "elements": [1, 2, 3, 4, 5]
    }
}, {
    "model": "myfarog.spell",
    "pk": 84,
    "fields": {
        "name": "Trojan Fortress",
        "description": "The target is teleported into a maze in a spirit world.",
        "power_level": 6,
        "elements": [3, 5]
    }
}, {
    "model": "myfarog.spell",
    "pk": 85,
    "fields": {
        "name": "Troll Fear",
        "description": "Causes enemies to flee.",
        "power_level": 1,
        "elements": [1, 2, 3]
    }
}, {
    "model": "myfarog.spell",
    "pk": 86,
    "fields": {
        "name": "Veil",
        "description": "The spell makes it harder to see the target.  Spell-caster or target gets the spell caster's spell proficiency / 3 (rounded up) as a mod to Stealth tests and DV.",
        "power_level": 2,
        "elements": [2, 4, 5]
    }
}, {
    "model": "myfarog.spell",
    "pk": 87,
    "fields": {
        "name": "Void Travel",
        "description": "Stop time for all others but the spell caster",
        "power_level": 10,
        "elements": [5]
    }
}, {
    "model": "myfarog.spell",
    "pk": 88,
    "fields": {
        "name": "Wall of Thorns",
        "description": "A 5' thick wall of thorns with a width of 10' and a height of up to 20' grows up from the ground during the night where the spell-caster wants it to.",
        "power_level": 5,
        "elements": [2, 4]
    }
}, {
    "model": "myfarog.spell",
    "pk": 89,
    "fields": {
        "name": "Whirlwind",
        "description": "A whirlwind under the spell-caster's control appears.",
        "power_level": 4,
        "elements": [1]
    }
}, {
    "model": "myfarog.spell",
    "pk": 90,
    "fields": {
        "name": "Wind Gust",
        "description": "One creature with size \u2264 the spells PL is pushed out of balance and falls.",
        "power_level": 1,
        "elements": [1]
    }
}, {
    "model": "myfarog.characterskill",
    "pk": 1,
    "fields": {
        "character": 1,
        "skill": 1,
        "trained": true,
        "role_skill": false
    }
}, {
    "model": "myfarog.characterskill",
    "pk": 2,
    "fields": {
        "character": 1,
        "skill": 40,
        "trained": true,
        "role_skill": false
    }
}, {
    "model": "myfarog.characterskill",
    "pk": 3,
    "fields": {
        "character": 1,
        "skill": 41,
        "trained": true,
        "role_skill": true
    }
}, {
    "model": "myfarog.characterskill",
    "pk": 4,
    "fields": {
        "character": 1,
        "skill": 10,
        "trained": true,
        "role_skill": false
    }
}, {
    "model": "myfarog.characterskill",
    "pk": 5,
    "fields": {
        "character": 1,
        "skill": 13,
        "trained": true,
        "role_skill": false
    }
}, {
    "model": "myfarog.characterskill",
    "pk": 6,
    "fields": {
        "character": 1,
        "skill": 11,
        "trained": true,
        "role_skill": true
    }
}, {
    "model": "myfarog.characterskill",
    "pk": 7,
    "fields": {
        "character": 1,
        "skill": 14,
        "trained": true,
        "role_skill": false
    }
}, {
    "model": "myfarog.characterskill",
    "pk": 8,
    "fields": {
        "character": 1,
        "skill": 21,
        "trained": true,
        "role_skill": true
    }
}, {
    "model": "myfarog.characterskill",
    "pk": 9,
    "fields": {
        "character": 1,
        "skill": 42,
        "trained": true,
        "role_skill": true
    }
}, {
    "model": "myfarog.characterskill",
    "pk": 10,
    "fields": {
        "character": 1,
        "skill": 23,
        "trained": true,
        "role_skill": false
    }
}, {
    "model": "myfarog.characterskill",
    "pk": 11,
    "fields": {
        "character": 1,
        "skill": 25,
        "trained": true,
        "role_skill": false
    }
}, {
    "model": "myfarog.characterskill",
    "pk": 12,
    "fields": {
        "character": 1,
        "skill": 26,
        "trained": true,
        "role_skill": false
    }
}, {
    "model": "myfarog.characterskill",
    "pk": 13,
    "fields": {
        "character": 1,
        "skill": 30,
        "trained": true,
        "role_skill": false
    }
}, {
    "model": "myfarog.charactertalent",
    "pk": 1,
    "fields": {
        "character": 1,
        "talent": 4
    }
}, {
    "model": "myfarog.charactertalent",
    "pk": 2,
    "fields": {
        "character": 1,
        "talent": 66
    }
}, {
    "model": "myfarog.charactertalent",
    "pk": 3,
    "fields": {
        "character": 1,
        "talent": 25
    }
}, {
    "model": "myfarog.charactertalent",
    "pk": 4,
    "fields": {
        "character": 1,
        "talent": 2
    }
}, {
    "model": "myfarog.charactertalent",
    "pk": 5,
    "fields": {
        "character": 1,
        "talent": 14
    }
}, {
    "model": "myfarog.charactertalent",
    "pk": 6,
    "fields": {
        "character": 1,
        "talent": 60
    }
}, {
    "model": "myfarog.charactercut",
    "pk": 1,
    "fields": {
        "character": 2,
        "severity": "Medium",
        "rounds_active": 0
    }
}, {
    "model": "myfarog.charactercut",
    "pk": 2,
    "fields": {
        "character": 2,
        "severity": "Light",
        "rounds_active": 0
    }
}, {
    "model": "myfarog.charactercut",
    "pk": 3,
    "fields": {
        "character": 2,
        "severity": "Light",
        "rounds_active": 0
    }
}, {
    "model": "myfarog.charactercut",
    "pk": 4,
    "fields": {
        "character": 2,
        "severity": "Serious",
        "rounds_active": 0
    }
}, {
    "model": "myfarog.charactercut",
    "pk": 5,
    "fields": {
        "character": 2,
        "severity": "Serious",
        "rounds_active": 0
    }
}, {
    "model": "myfarog.charactercut",
    "pk": 6,
    "fields": {
        "character": 2,
        "severity": "Light",
        "rounds_active": 0
    }
}, {
    "model": "myfarog.charactercut",
    "pk": 7,
    "fields": {
        "character": 2,
        "severity": "Medium",
        "rounds_active": 0
    }
}, {
    "model": "myfarog.charactercut",
    "pk": 8,
    "fields": {
        "character": 2,
        "severity": "Light",
        "rounds_active": 0
    }
}, {
    "model": "myfarog.charactercut",
    "pk": 9,
    "fields": {
        "character": 2,
        "severity": "Light",
        "rounds_active": 0
    }
}, {
    "model": "myfarog.charactercut",
    "pk": 10,
    "fields": {
        "character": 2,
        "severity": "Light",
        "rounds_active": 0
    }
}, {
    "model": "myfarog.charactercut",
    "pk": 11,
    "fields": {
        "character": 2,
        "severity": "Medium",
        "rounds_active": 0
    }
}, {
    "model": "myfarog.charactercut",
    "pk": 12,
    "fields": {
        "character": 2,
        "severity": "Medium",
        "rounds_active": 0
    }
}, {
    "model": "myfarog.charactercut",
    "pk": 13,
    "fields": {
        "character": 2,
        "severity": "Light",
        "rounds_active": 0
    }
}, {
    "model": "myfarog.charactercut",
    "pk": 14,
    "fields": {
        "character": 2,
        "severity": "Light",
        "rounds_active": 0
    }
}, {
    "model": "myfarog.charactercut",
    "pk": 15,
    "fields": {
        "character": 2,
        "severity": "Light",
        "rounds_active": 0
    }
}, {
    "model": "myfarog.charactercut",
    "pk": 16,
    "fields": {
        "character": 2,
        "severity": "Light",
        "rounds_active": 0
    }
}, {
    "model": "myfarog.charactercut",
    "pk": 17,
    "fields": {
        "character": 2,
        "severity": "Light",
        "rounds_active": 0
    }
}, {
    "model": "myfarog.charactercut",
    "pk": 18,
    "fields": {
        "character": 2,
        "severity": "Light",
        "rounds_active": 0
    }
}, {
    "model": "myfarog.charactercut",
    "pk": 19,
    "fields": {
        "character": 2,
        "severity": "Serious",
        "rounds_active": 0
    }
}, {
    "model": "myfarog.charactercut",
    "pk": 20,
    "fields": {
        "character": 2,
        "severity": "Light",
        "rounds_active": 0
    }
}, {
    "model": "myfarog.charactercut",
    "pk": 21,
    "fields": {
        "character": 2,
        "severity": "Serious",
        "rounds_active": 0
    }
}, {
    "model": "myfarog.charactercut",
    "pk": 22,
    "fields": {
        "character": 2,
        "severity": "Light",
        "rounds_active": 0
    }
}, {
    "model": "myfarog.charactercut",
    "pk": 23,
    "fields": {
        "character": 2,
        "severity": "Serious",
        "rounds_active": 0
    }
}, {
    "model": "myfarog.charactercut",
    "pk": 24,
    "fields": {
        "character": 2,
        "severity": "Light",
        "rounds_active": 0
    }
}, {
    "model": "myfarog.charactercut",
    "pk": 25,
    "fields": {
        "character": 2,
        "severity": "Light",
        "rounds_active": 0
    }
}, {
    "model": "myfarog.charactercut",
    "pk": 26,
    "fields": {
        "character": 2,
        "severity": "Light",
        "rounds_active": 0
    }
}, {
    "model": "myfarog.charactercut",
    "pk": 27,
    "fields": {
        "character": 2,
        "severity": "Serious",
        "rounds_active": 0
    }
}, {
    "model": "myfarog.charactercut",
    "pk": 28,
    "fields": {
        "character": 2,
        "severity": "Light",
        "rounds_active": 0
    }
}, {
    "model": "myfarog.charactercut",
    "pk": 29,
    "fields": {
        "character": 2,
        "severity": "Serious",
        "rounds_active": 0
    }
}, {
    "model": "myfarog.charactercut",
    "pk": 30,
    "fields": {
        "character": 2,
        "severity": "Medium",
        "rounds_active": 0
    }
}, {
    "model": "myfarog.charactercut",
    "pk": 31,
    "fields": {
        "character": 2,
        "severity": "Serious",
        "rounds_active": 0
    }
}, {
    "model": "myfarog.charactercut",
    "pk": 32,
    "fields": {
        "character": 2,
        "severity": "Light",
        "rounds_active": 0
    }
}, {
    "model": "myfarog.charactercut",
    "pk": 33,
    "fields": {
        "character": 2,
        "severity": "Light",
        "rounds_active": 0
    }
}, {
    "model": "myfarog.charactercut",
    "pk": 34,
    "fields": {
        "character": 2,
        "severity": "Serious",
        "rounds_active": 0
    }
}, {
    "model": "myfarog.charactercut",
    "pk": 35,
    "fields": {
        "character": 2,
        "severity": "Light",
        "rounds_active": 0
    }
}, {
    "model": "myfarog.charactercut",
    "pk": 36,
    "fields": {
        "character": 2,
        "severity": "Light",
        "rounds_active": 0
    }
}, {
    "model": "myfarog.charactercut",
    "pk": 37,
    "fields": {
        "character": 2,
        "severity": "Light",
        "rounds_active": 0
    }
}, {
    "model": "myfarog.charactercut",
    "pk": 38,
    "fields": {
        "character": 2,
        "severity": "Light",
        "rounds_active": 0
    }
}, {
    "model": "myfarog.charactercut",
    "pk": 39,
    "fields": {
        "character": 2,
        "severity": "Serious",
        "rounds_active": 0
    }
}, {
    "model": "myfarog.charactercut",
    "pk": 40,
    "fields": {
        "character": 2,
        "severity": "Light",
        "rounds_active": 0
    }
}, {
    "model": "myfarog.charactercut",
    "pk": 41,
    "fields": {
        "character": 2,
        "severity": "Light",
        "rounds_active": 0
    }
}, {
    "model": "myfarog.charactercut",
    "pk": 42,
    "fields": {
        "character": 2,
        "severity": "Light",
        "rounds_active": 0
    }
}, {
    "model": "myfarog.charactercut",
    "pk": 43,
    "fields": {
        "character": 2,
        "severity": "Light",
        "rounds_active": 0
    }
}, {
    "model": "myfarog.charactercut",
    "pk": 44,
    "fields": {
        "character": 2,
        "severity": "Light",
        "rounds_active": 0
    }
}, {
    "model": "myfarog.charactercut",
    "pk": 45,
    "fields": {
        "character": 2,
        "severity": "Light",
        "rounds_active": 0
    }
}, {
    "model": "myfarog.charactercut",
    "pk": 46,
    "fields": {
        "character": 2,
        "severity": "Light",
        "rounds_active": 0
    }
}, {
    "model": "myfarog.charactercut",
    "pk": 47,
    "fields": {
        "character": 2,
        "severity": "Light",
        "rounds_active": 0
    }
}, {
    "model": "myfarog.charactercut",
    "pk": 48,
    "fields": {
        "character": 2,
        "severity": "Light",
        "rounds_active": 0
    }
}, {
    "model": "myfarog.charactercut",
    "pk": 49,
    "fields": {
        "character": 2,
        "severity": "Serious",
        "rounds_active": 0
    }
}, {
    "model": "myfarog.charactercut",
    "pk": 50,
    "fields": {
        "character": 2,
        "severity": "Light",
        "rounds_active": 0
    }
}, {
    "model": "myfarog.charactercut",
    "pk": 51,
    "fields": {
        "character": 2,
        "severity": "Serious",
        "rounds_active": 0
    }
}, {
    "model": "myfarog.charactercut",
    "pk": 52,
    "fields": {
        "character": 2,
        "severity": "Light",
        "rounds_active": 0
    }
}, {
    "model": "myfarog.charactercut",
    "pk": 53,
    "fields": {
        "character": 2,
        "severity": "Light",
        "rounds_active": 0
    }
}, {
    "model": "myfarog.charactercut",
    "pk": 54,
    "fields": {
        "character": 2,
        "severity": "Serious",
        "rounds_active": 0
    }
}, {
    "model": "myfarog.charactercut",
    "pk": 55,
    "fields": {
        "character": 2,
        "severity": "Light",
        "rounds_active": 0
    }
}, {
    "model": "myfarog.charactercut",
    "pk": 56,
    "fields": {
        "character": 2,
        "severity": "Light",
        "rounds_active": 0
    }
}, {
    "model": "myfarog.charactercut",
    "pk": 57,
    "fields": {
        "character": 2,
        "severity": "Serious",
        "rounds_active": 0
    }
}, {
    "model": "myfarog.charactercut",
    "pk": 58,
    "fields": {
        "character": 2,
        "severity": "Light",
        "rounds_active": 0
    }
}, {
    "model": "myfarog.charactercut",
    "pk": 59,
    "fields": {
        "character": 2,
        "severity": "Light",
        "rounds_active": 0
    }
}, {
    "model": "myfarog.charactercut",
    "pk": 60,
    "fields": {
        "character": 2,
        "severity": "Light",
        "rounds_active": 0
    }
}, {
    "model": "myfarog.charactercut",
    "pk": 61,
    "fields": {
        "character": 2,
        "severity": "Serious",
        "rounds_active": 0
    }
}, {
    "model": "myfarog.charactercut",
    "pk": 62,
    "fields": {
        "character": 2,
        "severity": "Light",
        "rounds_active": 0
    }
}, {
    "model": "myfarog.charactercut",
    "pk": 63,
    "fields": {
        "character": 2,
        "severity": "Light",
        "rounds_active": 0
    }
}, {
    "model": "myfarog.charactercut",
    "pk": 64,
    "fields": {
        "character": 2,
        "severity": "Light",
        "rounds_active": 0
    }
}, {
    "model": "myfarog.charactercut",
    "pk": 65,
    "fields": {
        "character": 2,
        "severity": "Light",
        "rounds_active": 0
    }
}, {
    "model": "myfarog.charactercut",
    "pk": 66,
    "fields": {
        "character": 2,
        "severity": "Serious",
        "rounds_active": 0
    }
}, {
    "model": "myfarog.charactercut",
    "pk": 67,
    "fields": {
        "character": 2,
        "severity": "Light",
        "rounds_active": 0
    }
}, {
    "model": "myfarog.charactercut",
    "pk": 68,
    "fields": {
        "character": 2,
        "severity": "Light",
        "rounds_active": 0
    }
}, {
    "model": "myfarog.charactercut",
    "pk": 69,
    "fields": {
        "character": 2,
        "severity": "Light",
        "rounds_active": 0
    }
}, {
    "model": "myfarog.charactercut",
    "pk": 70,
    "fields": {
        "character": 2,
        "severity": "Medium",
        "rounds_active": 0
    }
}, {
    "model": "myfarog.charactercut",
    "pk": 71,
    "fields": {
        "character": 2,
        "severity": "Light",
        "rounds_active": 0
    }
}, {
    "model": "myfarog.charactercut",
    "pk": 72,
    "fields": {
        "character": 2,
        "severity": "Light",
        "rounds_active": 0
    }
}, {
    "model": "myfarog.charactercut",
    "pk": 73,
    "fields": {
        "character": 2,
        "severity": "Light",
        "rounds_active": 0
    }
}, {
    "model": "myfarog.charactercut",
    "pk": 74,
    "fields": {
        "character": 2,
        "severity": "Light",
        "rounds_active": 0
    }
}, {
    "model": "myfarog.charactercut",
    "pk": 75,
    "fields": {
        "character": 2,
        "severity": "Light",
        "rounds_active": 0
    }
}, {
    "model": "myfarog.charactercut",
    "pk": 76,
    "fields": {
        "character": 2,
        "severity": "Light",
        "rounds_active": 0
    }
}, {
    "model": "myfarog.charactercut",
    "pk": 77,
    "fields": {
        "character": 2,
        "severity": "Light",
        "rounds_active": 0
    }
}, {
    "model": "myfarog.charactercut",
    "pk": 78,
    "fields": {
        "character": 2,
        "severity": "Serious",
        "rounds_active": 0
    }
}, {
    "model": "myfarog.charactercut",
    "pk": 79,
    "fields": {
        "character": 2,
        "severity": "Light",
        "rounds_active": 0
    }
}, {
    "model": "myfarog.charactercut",
    "pk": 80,
    "fields": {
        "character": 2,
        "severity": "Light",
        "rounds_active": 0
    }
}, {
    "model": "myfarog.charactercut",
    "pk": 81,
    "fields": {
        "character": 2,
        "severity": "Light",
        "rounds_active": 0
    }
}, {
    "model": "myfarog.charactercut",
    "pk": 82,
    "fields": {
        "character": 2,
        "severity": "Light",
        "rounds_active": 0
    }
}, {
    "model": "myfarog.charactercut",
    "pk": 83,
    "fields": {
        "character": 2,
        "severity": "Light",
        "rounds_active": 0
    }
}, {
    "model": "myfarog.charactercut",
    "pk": 84,
    "fields": {
        "character": 2,
        "severity": "Light",
        "rounds_active": 0
    }
}, {
    "model": "myfarog.charactercut",
    "pk": 85,
    "fields": {
        "character": 2,
        "severity": "Serious",
        "rounds_active": 0
    }
}, {
    "model": "myfarog.charactercut",
    "pk": 86,
    "fields": {
        "character": 2,
        "severity": "Light",
        "rounds_active": 0
    }
}, {
    "model": "myfarog.charactercut",
    "pk": 87,
    "fields": {
        "character": 2,
        "severity": "Light",
        "rounds_active": 0
    }
}, {
    "model": "myfarog.charactercut",
    "pk": 88,
    "fields": {
        "character": 2,
        "severity": "Light",
        "rounds_active": 0
    }
}, {
    "model": "myfarog.charactercut",
    "pk": 89,
    "fields": {
        "character": 2,
        "severity": "Serious",
        "rounds_active": 0
    }
}, {
    "model": "myfarog.charactercut",
    "pk": 90,
    "fields": {
        "character": 2,
        "severity": "Light",
        "rounds_active": 0
    }
}, {
    "model": "myfarog.charactercut",
    "pk": 91,
    "fields": {
        "character": 2,
        "severity": "Serious",
        "rounds_active": 0
    }
}, {
    "model": "myfarog.charactercut",
    "pk": 92,
    "fields": {
        "character": 2,
        "severity": "Light",
        "rounds_active": 0
    }
}, {
    "model": "myfarog.charactercut",
    "pk": 93,
    "fields": {
        "character": 2,
        "severity": "Light",
        "rounds_active": 0
    }
}, {
    "model": "myfarog.charactercut",
    "pk": 94,
    "fields": {
        "character": 2,
        "severity": "Light",
        "rounds_active": 0
    }
}, {
    "model": "myfarog.charactercut",
    "pk": 95,
    "fields": {
        "character": 2,
        "severity": "Light",
        "rounds_active": 0
    }
}, {
    "model": "myfarog.charactercut",
    "pk": 96,
    "fields": {
        "character": 2,
        "severity": "Light",
        "rounds_active": 0
    }
}, {
    "model": "myfarog.charactercut",
    "pk": 97,
    "fields": {
        "character": 2,
        "severity": "Light",
        "rounds_active": 0
    }
}, {
    "model": "myfarog.charactercut",
    "pk": 98,
    "fields": {
        "character": 2,
        "severity": "Serious",
        "rounds_active": 0
    }
}, {
    "model": "myfarog.charactercut",
    "pk": 99,
    "fields": {
        "character": 2,
        "severity": "Light",
        "rounds_active": 0
    }
}, {
    "model": "auth.permission",
    "pk": 1,
    "fields": {
        "name": "Can add log entry",
        "content_type": 1,
        "codename": "add_logentry"
    }
}, {
    "model": "auth.permission",
    "pk": 2,
    "fields": {
        "name": "Can change log entry",
        "content_type": 1,
        "codename": "change_logentry"
    }
}, {
    "model": "auth.permission",
    "pk": 3,
    "fields": {
        "name": "Can delete log entry",
        "content_type": 1,
        "codename": "delete_logentry"
    }
}, {
    "model": "auth.permission",
    "pk": 4,
    "fields": {
        "name": "Can add permission",
        "content_type": 2,
        "codename": "add_permission"
    }
}, {
    "model": "auth.permission",
    "pk": 5,
    "fields": {
        "name": "Can change permission",
        "content_type": 2,
        "codename": "change_permission"
    }
}, {
    "model": "auth.permission",
    "pk": 6,
    "fields": {
        "name": "Can delete permission",
        "content_type": 2,
        "codename": "delete_permission"
    }
}, {
    "model": "auth.permission",
    "pk": 7,
    "fields": {
        "name": "Can add group",
        "content_type": 3,
        "codename": "add_group"
    }
}, {
    "model": "auth.permission",
    "pk": 8,
    "fields": {
        "name": "Can change group",
        "content_type": 3,
        "codename": "change_group"
    }
}, {
    "model": "auth.permission",
    "pk": 9,
    "fields": {
        "name": "Can delete group",
        "content_type": 3,
        "codename": "delete_group"
    }
}, {
    "model": "auth.permission",
    "pk": 10,
    "fields": {
        "name": "Can add content type",
        "content_type": 4,
        "codename": "add_contenttype"
    }
}, {
    "model": "auth.permission",
    "pk": 11,
    "fields": {
        "name": "Can change content type",
        "content_type": 4,
        "codename": "change_contenttype"
    }
}, {
    "model": "auth.permission",
    "pk": 12,
    "fields": {
        "name": "Can delete content type",
        "content_type": 4,
        "codename": "delete_contenttype"
    }
}, {
    "model": "auth.permission",
    "pk": 13,
    "fields": {
        "name": "Can add session",
        "content_type": 5,
        "codename": "add_session"
    }
}, {
    "model": "auth.permission",
    "pk": 14,
    "fields": {
        "name": "Can change session",
        "content_type": 5,
        "codename": "change_session"
    }
}, {
    "model": "auth.permission",
    "pk": 15,
    "fields": {
        "name": "Can delete session",
        "content_type": 5,
        "codename": "delete_session"
    }
}, {
    "model": "auth.permission",
    "pk": 16,
    "fields": {
        "name": "Can add user",
        "content_type": 6,
        "codename": "add_sourceuser"
    }
}, {
    "model": "auth.permission",
    "pk": 17,
    "fields": {
        "name": "Can change user",
        "content_type": 6,
        "codename": "change_sourceuser"
    }
}, {
    "model": "auth.permission",
    "pk": 18,
    "fields": {
        "name": "Can delete user",
        "content_type": 6,
        "codename": "delete_sourceuser"
    }
}, {
    "model": "auth.permission",
    "pk": 19,
    "fields": {
        "name": "Can add group",
        "content_type": 7,
        "codename": "add_sourcegroup"
    }
}, {
    "model": "auth.permission",
    "pk": 20,
    "fields": {
        "name": "Can change group",
        "content_type": 7,
        "codename": "change_sourcegroup"
    }
}, {
    "model": "auth.permission",
    "pk": 21,
    "fields": {
        "name": "Can delete group",
        "content_type": 7,
        "codename": "delete_sourcegroup"
    }
}, {
    "model": "auth.permission",
    "pk": 22,
    "fields": {
        "name": "Can add source role",
        "content_type": 8,
        "codename": "add_sourcerole"
    }
}, {
    "model": "auth.permission",
    "pk": 23,
    "fields": {
        "name": "Can change source role",
        "content_type": 8,
        "codename": "change_sourcerole"
    }
}, {
    "model": "auth.permission",
    "pk": 24,
    "fields": {
        "name": "Can delete source role",
        "content_type": 8,
        "codename": "delete_sourcerole"
    }
}, {
    "model": "auth.permission",
    "pk": 25,
    "fields": {
        "name": "Can add source api",
        "content_type": 9,
        "codename": "add_sourceapi"
    }
}, {
    "model": "auth.permission",
    "pk": 26,
    "fields": {
        "name": "Can change source api",
        "content_type": 9,
        "codename": "change_sourceapi"
    }
}, {
    "model": "auth.permission",
    "pk": 27,
    "fields": {
        "name": "Can delete source api",
        "content_type": 9,
        "codename": "delete_sourceapi"
    }
}, {
    "model": "auth.permission",
    "pk": 28,
    "fields": {
        "name": "Can add Door",
        "content_type": 10,
        "codename": "add_door"
    }
}, {
    "model": "auth.permission",
    "pk": 29,
    "fields": {
        "name": "Can change Door",
        "content_type": 10,
        "codename": "change_door"
    }
}, {
    "model": "auth.permission",
    "pk": 30,
    "fields": {
        "name": "Can delete Door",
        "content_type": 10,
        "codename": "delete_door"
    }
}, {
    "model": "auth.permission",
    "pk": 31,
    "fields": {
        "name": "Can add Inventory",
        "content_type": 11,
        "codename": "add_inventory"
    }
}, {
    "model": "auth.permission",
    "pk": 32,
    "fields": {
        "name": "Can change Inventory",
        "content_type": 11,
        "codename": "change_inventory"
    }
}, {
    "model": "auth.permission",
    "pk": 33,
    "fields": {
        "name": "Can delete Inventory",
        "content_type": 11,
        "codename": "delete_inventory"
    }
}, {
    "model": "auth.permission",
    "pk": 34,
    "fields": {
        "name": "Can add Item",
        "content_type": 12,
        "codename": "add_item"
    }
}, {
    "model": "auth.permission",
    "pk": 35,
    "fields": {
        "name": "Can change Item",
        "content_type": 12,
        "codename": "change_item"
    }
}, {
    "model": "auth.permission",
    "pk": 36,
    "fields": {
        "name": "Can delete Item",
        "content_type": 12,
        "codename": "delete_item"
    }
}, {
    "model": "auth.permission",
    "pk": 37,
    "fields": {
        "name": "Can add Level",
        "content_type": 13,
        "codename": "add_level"
    }
}, {
    "model": "auth.permission",
    "pk": 38,
    "fields": {
        "name": "Can change Level",
        "content_type": 13,
        "codename": "change_level"
    }
}, {
    "model": "auth.permission",
    "pk": 39,
    "fields": {
        "name": "Can delete Level",
        "content_type": 13,
        "codename": "delete_level"
    }
}, {
    "model": "auth.permission",
    "pk": 40,
    "fields": {
        "name": "Can add Location",
        "content_type": 14,
        "codename": "add_location"
    }
}, {
    "model": "auth.permission",
    "pk": 41,
    "fields": {
        "name": "Can change Location",
        "content_type": 14,
        "codename": "change_location"
    }
}, {
    "model": "auth.permission",
    "pk": 42,
    "fields": {
        "name": "Can delete Location",
        "content_type": 14,
        "codename": "delete_location"
    }
}, {
    "model": "auth.permission",
    "pk": 43,
    "fields": {
        "name": "Can add Room",
        "content_type": 15,
        "codename": "add_room"
    }
}, {
    "model": "auth.permission",
    "pk": 44,
    "fields": {
        "name": "Can change Room",
        "content_type": 15,
        "codename": "change_room"
    }
}, {
    "model": "auth.permission",
    "pk": 45,
    "fields": {
        "name": "Can delete Room",
        "content_type": 15,
        "codename": "delete_room"
    }
}, {
    "model": "auth.permission",
    "pk": 46,
    "fields": {
        "name": "Can add RoomItem",
        "content_type": 16,
        "codename": "add_roomitem"
    }
}, {
    "model": "auth.permission",
    "pk": 47,
    "fields": {
        "name": "Can change RoomItem",
        "content_type": 16,
        "codename": "change_roomitem"
    }
}, {
    "model": "auth.permission",
    "pk": 48,
    "fields": {
        "name": "Can delete RoomItem",
        "content_type": 16,
        "codename": "delete_roomitem"
    }
}, {
    "model": "auth.permission",
    "pk": 49,
    "fields": {
        "name": "Can add Character",
        "content_type": 17,
        "codename": "add_character"
    }
}, {
    "model": "auth.permission",
    "pk": 50,
    "fields": {
        "name": "Can change Character",
        "content_type": 17,
        "codename": "change_character"
    }
}, {
    "model": "auth.permission",
    "pk": 51,
    "fields": {
        "name": "Can delete Character",
        "content_type": 17,
        "codename": "delete_character"
    }
}, {
    "model": "auth.permission",
    "pk": 52,
    "fields": {
        "name": "Can add Character Cut",
        "content_type": 18,
        "codename": "add_charactercut"
    }
}, {
    "model": "auth.permission",
    "pk": 53,
    "fields": {
        "name": "Can change Character Cut",
        "content_type": 18,
        "codename": "change_charactercut"
    }
}, {
    "model": "auth.permission",
    "pk": 54,
    "fields": {
        "name": "Can delete Character Cut",
        "content_type": 18,
        "codename": "delete_charactercut"
    }
}, {
    "model": "auth.permission",
    "pk": 55,
    "fields": {
        "name": "Can add Character Skill",
        "content_type": 19,
        "codename": "add_characterskill"
    }
}, {
    "model": "auth.permission",
    "pk": 56,
    "fields": {
        "name": "Can change Character Skill",
        "content_type": 19,
        "codename": "change_characterskill"
    }
}, {
    "model": "auth.permission",
    "pk": 57,
    "fields": {
        "name": "Can delete Character Skill",
        "content_type": 19,
        "codename": "delete_characterskill"
    }
}, {
    "model": "auth.permission",
    "pk": 58,
    "fields": {
        "name": "Can add Character Talent",
        "content_type": 20,
        "codename": "add_charactertalent"
    }
}, {
    "model": "auth.permission",
    "pk": 59,
    "fields": {
        "name": "Can change Character Talent",
        "content_type": 20,
        "codename": "change_charactertalent"
    }
}, {
    "model": "auth.permission",
    "pk": 60,
    "fields": {
        "name": "Can delete Character Talent",
        "content_type": 20,
        "codename": "delete_charactertalent"
    }
}, {
    "model": "auth.permission",
    "pk": 61,
    "fields": {
        "name": "Can add Item",
        "content_type": 21,
        "codename": "add_item"
    }
}, {
    "model": "auth.permission",
    "pk": 62,
    "fields": {
        "name": "Can change Item",
        "content_type": 21,
        "codename": "change_item"
    }
}, {
    "model": "auth.permission",
    "pk": 63,
    "fields": {
        "name": "Can delete Item",
        "content_type": 21,
        "codename": "delete_item"
    }
}, {
    "model": "auth.permission",
    "pk": 64,
    "fields": {
        "name": "Can add Item Bonus",
        "content_type": 22,
        "codename": "add_itembonus"
    }
}, {
    "model": "auth.permission",
    "pk": 65,
    "fields": {
        "name": "Can change Item Bonus",
        "content_type": 22,
        "codename": "change_itembonus"
    }
}, {
    "model": "auth.permission",
    "pk": 66,
    "fields": {
        "name": "Can delete Item Bonus",
        "content_type": 22,
        "codename": "delete_itembonus"
    }
}, {
    "model": "auth.permission",
    "pk": 67,
    "fields": {
        "name": "Can add Item Bonus Type",
        "content_type": 23,
        "codename": "add_itembonustype"
    }
}, {
    "model": "auth.permission",
    "pk": 68,
    "fields": {
        "name": "Can change Item Bonus Type",
        "content_type": 23,
        "codename": "change_itembonustype"
    }
}, {
    "model": "auth.permission",
    "pk": 69,
    "fields": {
        "name": "Can delete Item Bonus Type",
        "content_type": 23,
        "codename": "delete_itembonustype"
    }
}, {
    "model": "auth.permission",
    "pk": 70,
    "fields": {
        "name": "Can add Item Material",
        "content_type": 24,
        "codename": "add_itemmaterial"
    }
}, {
    "model": "auth.permission",
    "pk": 71,
    "fields": {
        "name": "Can change Item Material",
        "content_type": 24,
        "codename": "change_itemmaterial"
    }
}, {
    "model": "auth.permission",
    "pk": 72,
    "fields": {
        "name": "Can delete Item Material",
        "content_type": 24,
        "codename": "delete_itemmaterial"
    }
}, {
    "model": "auth.permission",
    "pk": 73,
    "fields": {
        "name": "Can add Item Prerequisites",
        "content_type": 25,
        "codename": "add_itemprerequisites"
    }
}, {
    "model": "auth.permission",
    "pk": 74,
    "fields": {
        "name": "Can change Item Prerequisites",
        "content_type": 25,
        "codename": "change_itemprerequisites"
    }
}, {
    "model": "auth.permission",
    "pk": 75,
    "fields": {
        "name": "Can delete Item Prerequisites",
        "content_type": 25,
        "codename": "delete_itemprerequisites"
    }
}, {
    "model": "auth.permission",
    "pk": 76,
    "fields": {
        "name": "Can add Role",
        "content_type": 26,
        "codename": "add_role"
    }
}, {
    "model": "auth.permission",
    "pk": 77,
    "fields": {
        "name": "Can change Role",
        "content_type": 26,
        "codename": "change_role"
    }
}, {
    "model": "auth.permission",
    "pk": 78,
    "fields": {
        "name": "Can delete Role",
        "content_type": 26,
        "codename": "delete_role"
    }
}, {
    "model": "auth.permission",
    "pk": 79,
    "fields": {
        "name": "Can add Role Prerequisites",
        "content_type": 27,
        "codename": "add_roleprerequisites"
    }
}, {
    "model": "auth.permission",
    "pk": 80,
    "fields": {
        "name": "Can change Role Prerequisites",
        "content_type": 27,
        "codename": "change_roleprerequisites"
    }
}, {
    "model": "auth.permission",
    "pk": 81,
    "fields": {
        "name": "Can delete Role Prerequisites",
        "content_type": 27,
        "codename": "delete_roleprerequisites"
    }
}, {
    "model": "auth.permission",
    "pk": 82,
    "fields": {
        "name": "Can add Role Skill",
        "content_type": 28,
        "codename": "add_roleskill"
    }
}, {
    "model": "auth.permission",
    "pk": 83,
    "fields": {
        "name": "Can change Role Skill",
        "content_type": 28,
        "codename": "change_roleskill"
    }
}, {
    "model": "auth.permission",
    "pk": 84,
    "fields": {
        "name": "Can delete Role Skill",
        "content_type": 28,
        "codename": "delete_roleskill"
    }
}, {
    "model": "auth.permission",
    "pk": 85,
    "fields": {
        "name": "Can add Skill",
        "content_type": 29,
        "codename": "add_skill"
    }
}, {
    "model": "auth.permission",
    "pk": 86,
    "fields": {
        "name": "Can change Skill",
        "content_type": 29,
        "codename": "change_skill"
    }
}, {
    "model": "auth.permission",
    "pk": 87,
    "fields": {
        "name": "Can delete Skill",
        "content_type": 29,
        "codename": "delete_skill"
    }
}, {
    "model": "auth.permission",
    "pk": 88,
    "fields": {
        "name": "Can add Species",
        "content_type": 30,
        "codename": "add_species"
    }
}, {
    "model": "auth.permission",
    "pk": 89,
    "fields": {
        "name": "Can change Species",
        "content_type": 30,
        "codename": "change_species"
    }
}, {
    "model": "auth.permission",
    "pk": 90,
    "fields": {
        "name": "Can delete Species",
        "content_type": 30,
        "codename": "delete_species"
    }
}, {
    "model": "auth.permission",
    "pk": 91,
    "fields": {
        "name": "Can add Spell",
        "content_type": 31,
        "codename": "add_spell"
    }
}, {
    "model": "auth.permission",
    "pk": 92,
    "fields": {
        "name": "Can change Spell",
        "content_type": 31,
        "codename": "change_spell"
    }
}, {
    "model": "auth.permission",
    "pk": 93,
    "fields": {
        "name": "Can delete Spell",
        "content_type": 31,
        "codename": "delete_spell"
    }
}, {
    "model": "auth.permission",
    "pk": 94,
    "fields": {
        "name": "Can add Spell Element",
        "content_type": 32,
        "codename": "add_spellelement"
    }
}, {
    "model": "auth.permission",
    "pk": 95,
    "fields": {
        "name": "Can change Spell Element",
        "content_type": 32,
        "codename": "change_spellelement"
    }
}, {
    "model": "auth.permission",
    "pk": 96,
    "fields": {
        "name": "Can delete Spell Element",
        "content_type": 32,
        "codename": "delete_spellelement"
    }
}, {
    "model": "auth.permission",
    "pk": 97,
    "fields": {
        "name": "Can add Talent",
        "content_type": 33,
        "codename": "add_talent"
    }
}, {
    "model": "auth.permission",
    "pk": 98,
    "fields": {
        "name": "Can change Talent",
        "content_type": 33,
        "codename": "change_talent"
    }
}, {
    "model": "auth.permission",
    "pk": 99,
    "fields": {
        "name": "Can delete Talent",
        "content_type": 33,
        "codename": "delete_talent"
    }
}, {
    "model": "auth.permission",
    "pk": 100,
    "fields": {
        "name": "Can add Talent Extra",
        "content_type": 34,
        "codename": "add_talentextra"
    }
}, {
    "model": "auth.permission",
    "pk": 101,
    "fields": {
        "name": "Can change Talent Extra",
        "content_type": 34,
        "codename": "change_talentextra"
    }
}, {
    "model": "auth.permission",
    "pk": 102,
    "fields": {
        "name": "Can delete Talent Extra",
        "content_type": 34,
        "codename": "delete_talentextra"
    }
}, {
    "model": "auth.permission",
    "pk": 103,
    "fields": {
        "name": "Can add Talent Skill",
        "content_type": 35,
        "codename": "add_talentskill"
    }
}, {
    "model": "auth.permission",
    "pk": 104,
    "fields": {
        "name": "Can change Talent Skill",
        "content_type": 35,
        "codename": "change_talentskill"
    }
}, {
    "model": "auth.permission",
    "pk": 105,
    "fields": {
        "name": "Can delete Talent Skill",
        "content_type": 35,
        "codename": "delete_talentskill"
    }
}, {
    "model": "auth.permission",
    "pk": 106,
    "fields": {
        "name": "Can add Armor",
        "content_type": 36,
        "codename": "add_armor"
    }
}, {
    "model": "auth.permission",
    "pk": 107,
    "fields": {
        "name": "Can change Armor",
        "content_type": 36,
        "codename": "change_armor"
    }
}, {
    "model": "auth.permission",
    "pk": 108,
    "fields": {
        "name": "Can delete Armor",
        "content_type": 36,
        "codename": "delete_armor"
    }
}, {
    "model": "auth.permission",
    "pk": 109,
    "fields": {
        "name": "Can add Earring",
        "content_type": 37,
        "codename": "add_earring"
    }
}, {
    "model": "auth.permission",
    "pk": 110,
    "fields": {
        "name": "Can change Earring",
        "content_type": 37,
        "codename": "change_earring"
    }
}, {
    "model": "auth.permission",
    "pk": 111,
    "fields": {
        "name": "Can delete Earring",
        "content_type": 37,
        "codename": "delete_earring"
    }
}, {
    "model": "auth.permission",
    "pk": 112,
    "fields": {
        "name": "Can add Footwear",
        "content_type": 38,
        "codename": "add_footwear"
    }
}, {
    "model": "auth.permission",
    "pk": 113,
    "fields": {
        "name": "Can change Footwear",
        "content_type": 38,
        "codename": "change_footwear"
    }
}, {
    "model": "auth.permission",
    "pk": 114,
    "fields": {
        "name": "Can delete Footwear",
        "content_type": 38,
        "codename": "delete_footwear"
    }
}, {
    "model": "auth.permission",
    "pk": 115,
    "fields": {
        "name": "Can add Glove",
        "content_type": 39,
        "codename": "add_glove"
    }
}, {
    "model": "auth.permission",
    "pk": 116,
    "fields": {
        "name": "Can change Glove",
        "content_type": 39,
        "codename": "change_glove"
    }
}, {
    "model": "auth.permission",
    "pk": 117,
    "fields": {
        "name": "Can delete Glove",
        "content_type": 39,
        "codename": "delete_glove"
    }
}, {
    "model": "auth.permission",
    "pk": 118,
    "fields": {
        "name": "Can add Helmet",
        "content_type": 40,
        "codename": "add_helmet"
    }
}, {
    "model": "auth.permission",
    "pk": 119,
    "fields": {
        "name": "Can change Helmet",
        "content_type": 40,
        "codename": "change_helmet"
    }
}, {
    "model": "auth.permission",
    "pk": 120,
    "fields": {
        "name": "Can delete Helmet",
        "content_type": 40,
        "codename": "delete_helmet"
    }
}, {
    "model": "auth.permission",
    "pk": 121,
    "fields": {
        "name": "Can add Necklace",
        "content_type": 41,
        "codename": "add_necklace"
    }
}, {
    "model": "auth.permission",
    "pk": 122,
    "fields": {
        "name": "Can change Necklace",
        "content_type": 41,
        "codename": "change_necklace"
    }
}, {
    "model": "auth.permission",
    "pk": 123,
    "fields": {
        "name": "Can delete Necklace",
        "content_type": 41,
        "codename": "delete_necklace"
    }
}, {
    "model": "auth.permission",
    "pk": 124,
    "fields": {
        "name": "Can add Pants",
        "content_type": 42,
        "codename": "add_pants"
    }
}, {
    "model": "auth.permission",
    "pk": 125,
    "fields": {
        "name": "Can change Pants",
        "content_type": 42,
        "codename": "change_pants"
    }
}, {
    "model": "auth.permission",
    "pk": 126,
    "fields": {
        "name": "Can delete Pants",
        "content_type": 42,
        "codename": "delete_pants"
    }
}, {
    "model": "auth.permission",
    "pk": 127,
    "fields": {
        "name": "Can add Ring",
        "content_type": 43,
        "codename": "add_ring"
    }
}, {
    "model": "auth.permission",
    "pk": 128,
    "fields": {
        "name": "Can change Ring",
        "content_type": 43,
        "codename": "change_ring"
    }
}, {
    "model": "auth.permission",
    "pk": 129,
    "fields": {
        "name": "Can delete Ring",
        "content_type": 43,
        "codename": "delete_ring"
    }
}, {
    "model": "auth.permission",
    "pk": 130,
    "fields": {
        "name": "Can add Shield",
        "content_type": 44,
        "codename": "add_shield"
    }
}, {
    "model": "auth.permission",
    "pk": 131,
    "fields": {
        "name": "Can change Shield",
        "content_type": 44,
        "codename": "change_shield"
    }
}, {
    "model": "auth.permission",
    "pk": 132,
    "fields": {
        "name": "Can delete Shield",
        "content_type": 44,
        "codename": "delete_shield"
    }
}, {
    "model": "auth.permission",
    "pk": 133,
    "fields": {
        "name": "Can add Shirt",
        "content_type": 45,
        "codename": "add_shirt"
    }
}, {
    "model": "auth.permission",
    "pk": 134,
    "fields": {
        "name": "Can change Shirt",
        "content_type": 45,
        "codename": "change_shirt"
    }
}, {
    "model": "auth.permission",
    "pk": 135,
    "fields": {
        "name": "Can delete Shirt",
        "content_type": 45,
        "codename": "delete_shirt"
    }
}, {
    "model": "auth.permission",
    "pk": 136,
    "fields": {
        "name": "Can add Trinket",
        "content_type": 46,
        "codename": "add_trinket"
    }
}, {
    "model": "auth.permission",
    "pk": 137,
    "fields": {
        "name": "Can change Trinket",
        "content_type": 46,
        "codename": "change_trinket"
    }
}, {
    "model": "auth.permission",
    "pk": 138,
    "fields": {
        "name": "Can delete Trinket",
        "content_type": 46,
        "codename": "delete_trinket"
    }
}, {
    "model": "auth.permission",
    "pk": 139,
    "fields": {
        "name": "Can add Weapon",
        "content_type": 47,
        "codename": "add_weapon"
    }
}, {
    "model": "auth.permission",
    "pk": 140,
    "fields": {
        "name": "Can change Weapon",
        "content_type": 47,
        "codename": "change_weapon"
    }
}, {
    "model": "auth.permission",
    "pk": 141,
    "fields": {
        "name": "Can delete Weapon",
        "content_type": 47,
        "codename": "delete_weapon"
    }
}, {
    "model": "auth.permission",
    "pk": 142,
    "fields": {
        "name": "Can add Character Inventory",
        "content_type": 48,
        "codename": "add_characterinventory"
    }
}, {
    "model": "auth.permission",
    "pk": 143,
    "fields": {
        "name": "Can change Character Inventory",
        "content_type": 48,
        "codename": "change_characterinventory"
    }
}, {
    "model": "auth.permission",
    "pk": 144,
    "fields": {
        "name": "Can delete Character Inventory",
        "content_type": 48,
        "codename": "delete_characterinventory"
    }
}, {
    "model": "auth.permission",
    "pk": 145,
    "fields": {
        "name": "Can add Container",
        "content_type": 49,
        "codename": "add_container"
    }
}, {
    "model": "auth.permission",
    "pk": 146,
    "fields": {
        "name": "Can change Container",
        "content_type": 49,
        "codename": "change_container"
    }
}, {
    "model": "auth.permission",
    "pk": 147,
    "fields": {
        "name": "Can delete Container",
        "content_type": 49,
        "codename": "delete_container"
    }
}, {
    "model": "auth.permission",
    "pk": 148,
    "fields": {
        "name": "Can add inventory slot",
        "content_type": 50,
        "codename": "add_inventoryslot"
    }
}, {
    "model": "auth.permission",
    "pk": 149,
    "fields": {
        "name": "Can change inventory slot",
        "content_type": 50,
        "codename": "change_inventoryslot"
    }
}, {
    "model": "auth.permission",
    "pk": 150,
    "fields": {
        "name": "Can delete inventory slot",
        "content_type": 50,
        "codename": "delete_inventoryslot"
    }
}, {
    "model": "core.sourceuser",
    "pk": 1,
    "fields": {
        "password": "pbkdf2_sha256$100000$BCeR2lWEwrRL$U9vCHApA7LByUDSHOOoOyq8Du4RCDAAqi6j8EQhezac=",
        "last_login": "2018-06-02T05:46:15.967Z",
        "is_superuser": true,
        "first_name": "",
        "last_name": "",
        "is_staff": true,
        "is_active": true,
        "date_joined": "2018-05-26T17:23:59.187Z",
        "role": 1,
        "display_name": null,
        "avatar": "",
        "avatar_path": null,
        "background_image": "",
        "verified": false,
        "locked": false,
        "approved": false,
        "status": "active",
        "location": null,
        "default_language": "en",
        "timezone": "UTC",
        "datetime_format": "%Y-%m-%d",
        "hour_format": "12h",
        "phone_number": null,
        "account_status": null,
        "expiry_date": null,
        "created_at": "2018-05-26T17:23:59.312Z",
        "updated_at": "2018-05-26T17:23:59.312Z",
        "email": "keith@giantsource.com",
        "username": null,
        "user_permissions": [],
        "groups": []
    }
}, {
    "model": "myfarog.character",
    "pk": 1,
    "fields": {
        "user": 1,
        "exp": 21250,
        "level": 9,
        "name": "Max Headroom",
        "gender": "male",
        "species": 1,
        "role": 8,
        "age": 28,
        "handedness": "right",
        "CHA": 11,
        "CON": 10,
        "DEX": 16,
        "INT": 18,
        "STR": 10,
        "WIL": 16,
        "_cha": 0,
        "_con": 0,
        "_dex": 2,
        "_int": 3,
        "_str": 0,
        "_wil": 2,
        "HP": 19,
        "SP": 36,
        "MHP": 48,
        "max_HP": 19,
        "max_SP": 36,
        "max_MHP": 48,
        "height": 72,
        "weight": 163,
        "size": 0,
        "OV_melee": -1,
        "OV_missile": -2,
        "DV_melee": 16,
        "DV_missile": 14,
        "left_hand_weapon": 1,
        "left_hand_shield": null,
        "right_hand_weapon": 1,
        "right_hand_shield": null,
        "armor_equipment": null,
        "helment_equipment": null,
        "left_glove_equipment": null,
        "right_glove_equipment": null,
        "footwear_equipment": null,
        "necklace_equipment": null,
        "left_earring_equipment": null,
        "right_earring_equipment": null,
        "ring_equipment": null,
        "trinket_equipment": null,
        "encumbrance_status": "Light",
        "encumbrance_mod": 0,
        "health_status": "Normal",
        "health_mod": 0,
        "mental_health_status": "Normal",
        "mental_health_mod": 0,
        "stamina_status": "Normal",
        "stamina_mod": 0,
        "stun_status": "Normal",
        "stun_rounds": 0,
        "morale_status": "Normal",
        "morale_rounds": 0,
        "morale_check_bonus": 0,
        "pyschotic_count": 0,
        "trauma_count": 2,
        "fright_mod": -4,
        "initiative_check_bonus": 2
    }
}, {
    "model": "myfarog.character",
    "pk": 2,
    "fields": {
        "user": 1,
        "exp": 350,
        "level": 1,
        "name": "Merv Peterson",
        "gender": "male",
        "species": 1,
        "role": 1,
        "age": 20,
        "handedness": "right",
        "CHA": 6,
        "CON": 10,
        "DEX": 13,
        "INT": 5,
        "STR": 13,
        "WIL": 6,
        "_cha": -1,
        "_con": 0,
        "_dex": 1,
        "_int": -2,
        "_str": 1,
        "_wil": -1,
        "HP": 13,
        "SP": 36,
        "MHP": 18,
        "max_HP": 13,
        "max_SP": 36,
        "max_MHP": 18,
        "height": 69,
        "weight": 185,
        "size": 1,
        "OV_melee": -5,
        "OV_missile": -2,
        "DV_melee": 11,
        "DV_missile": 13,
        "left_hand_weapon": 1,
        "left_hand_shield": null,
        "right_hand_weapon": 1,
        "right_hand_shield": null,
        "armor_equipment": null,
        "helment_equipment": null,
        "left_glove_equipment": null,
        "right_glove_equipment": null,
        "footwear_equipment": null,
        "necklace_equipment": null,
        "left_earring_equipment": null,
        "right_earring_equipment": null,
        "ring_equipment": null,
        "trinket_equipment": null,
        "encumbrance_status": "Light",
        "encumbrance_mod": 0,
        "health_status": "Normal",
        "health_mod": 0,
        "mental_health_status": "Normal",
        "mental_health_mod": 0,
        "stamina_status": "Normal",
        "stamina_mod": 0,
        "stun_status": "Normal",
        "stun_rounds": 0,
        "morale_status": "Normal",
        "morale_rounds": 0,
        "morale_check_bonus": 0,
        "pyschotic_count": 0,
        "trauma_count": 0,
        "fright_mod": 0,
        "initiative_check_bonus": 1
    }
}, {
    "model": "admin.logentry",
    "pk": 1,
    "fields": {
        "action_time": "2018-05-30T22:29:54.068Z",
        "user": 1,
        "content_type": 22,
        "object_id": "1",
        "object_repr": "_str: 1",
        "action_flag": 1,
        "change_message": "[{\"added\": {}}]"
    }
}, {
    "model": "admin.logentry",
    "pk": 2,
    "fields": {
        "action_time": "2018-05-30T22:29:57.682Z",
        "user": 1,
        "content_type": 47,
        "object_id": "1",
        "object_repr": "Sword of Strength",
        "action_flag": 2,
        "change_message": "[{\"changed\": {\"fields\": [\"bonuses\"]}}]"
    }
}, {
    "model": "admin.logentry",
    "pk": 3,
    "fields": {
        "action_time": "2018-05-30T22:36:53.949Z",
        "user": 1,
        "content_type": 17,
        "object_id": "1",
        "object_repr": "Max Headroom",
        "action_flag": 2,
        "change_message": "[{\"changed\": {\"fields\": [\"right_hand_weapon\"]}}]"
    }
}, {
    "model": "admin.logentry",
    "pk": 4,
    "fields": {
        "action_time": "2018-05-31T18:25:38.142Z",
        "user": 1,
        "content_type": 17,
        "object_id": "1",
        "object_repr": "Max Headroom",
        "action_flag": 2,
        "change_message": "[{\"changed\": {\"fields\": [\"weight\"]}}]"
    }
}, {
    "model": "admin.logentry",
    "pk": 5,
    "fields": {
        "action_time": "2018-05-31T18:26:09.943Z",
        "user": 1,
        "content_type": 17,
        "object_id": "1",
        "object_repr": "Max Headroom",
        "action_flag": 2,
        "change_message": "[{\"changed\": {\"fields\": [\"weight\"]}}]"
    }
}, {
    "model": "admin.logentry",
    "pk": 6,
    "fields": {
        "action_time": "2018-05-31T21:59:56.391Z",
        "user": 1,
        "content_type": 47,
        "object_id": "1",
        "object_repr": "Sword of Strength",
        "action_flag": 2,
        "change_message": "[{\"changed\": {\"fields\": [\"damage\", \"weapon_type\"]}}]"
    }
}, {
    "model": "admin.logentry",
    "pk": 7,
    "fields": {
        "action_time": "2018-05-31T22:00:12.823Z",
        "user": 1,
        "content_type": 47,
        "object_id": "2",
        "object_repr": "Excalibur",
        "action_flag": 2,
        "change_message": "[{\"changed\": {\"fields\": [\"damage\", \"weapon_type\"]}}]"
    }
}, {
    "model": "admin.logentry",
    "pk": 8,
    "fields": {
        "action_time": "2018-05-31T22:13:56.733Z",
        "user": 1,
        "content_type": 47,
        "object_id": "1",
        "object_repr": "Sword of Strength",
        "action_flag": 2,
        "change_message": "[{\"changed\": {\"fields\": [\"weapon_type\"]}}]"
    }
}, {
    "model": "admin.logentry",
    "pk": 9,
    "fields": {
        "action_time": "2018-05-31T22:14:06.477Z",
        "user": 1,
        "content_type": 47,
        "object_id": "2",
        "object_repr": "Excalibur",
        "action_flag": 2,
        "change_message": "[{\"changed\": {\"fields\": [\"weapon_type\"]}}]"
    }
}, {
    "model": "admin.logentry",
    "pk": 10,
    "fields": {
        "action_time": "2018-06-01T02:35:24.343Z",
        "user": 1,
        "content_type": 17,
        "object_id": "1",
        "object_repr": "Max Headroom",
        "action_flag": 2,
        "change_message": "[{\"changed\": {\"fields\": [\"right_hand_weapon\"]}}]"
    }
}, {
    "model": "admin.logentry",
    "pk": 11,
    "fields": {
        "action_time": "2018-06-01T02:44:41.801Z",
        "user": 1,
        "content_type": 17,
        "object_id": "2",
        "object_repr": "Merv Peterson",
        "action_flag": 1,
        "change_message": "[{\"added\": {}}]"
    }
}, {
    "model": "admin.logentry",
    "pk": 12,
    "fields": {
        "action_time": "2018-06-01T03:37:07.467Z",
        "user": 1,
        "content_type": 47,
        "object_id": "4",
        "object_repr": "Wooded Staff",
        "action_flag": 1,
        "change_message": "[{\"added\": {}}]"
    }
}, {
    "model": "admin.logentry",
    "pk": 13,
    "fields": {
        "action_time": "2018-06-01T03:37:15.901Z",
        "user": 1,
        "content_type": 47,
        "object_id": "4",
        "object_repr": "Wooden Staff",
        "action_flag": 2,
        "change_message": "[{\"changed\": {\"fields\": [\"name\"]}}]"
    }
}, {
    "model": "admin.logentry",
    "pk": 14,
    "fields": {
        "action_time": "2018-06-01T03:39:12.239Z",
        "user": 1,
        "content_type": 17,
        "object_id": "1",
        "object_repr": "Max Headroom",
        "action_flag": 2,
        "change_message": "[{\"changed\": {\"fields\": [\"right_hand_weapon\"]}}]"
    }
}, {
    "model": "admin.logentry",
    "pk": 15,
    "fields": {
        "action_time": "2018-06-01T03:41:50.050Z",
        "user": 1,
        "content_type": 47,
        "object_id": "4",
        "object_repr": "Wooden Staff",
        "action_flag": 2,
        "change_message": "[{\"changed\": {\"fields\": [\"damage\"]}}]"
    }
}, {
    "model": "admin.logentry",
    "pk": 16,
    "fields": {
        "action_time": "2018-06-01T03:49:03.908Z",
        "user": 1,
        "content_type": 17,
        "object_id": "2",
        "object_repr": "Merv Peterson",
        "action_flag": 2,
        "change_message": "[{\"changed\": {\"fields\": [\"SP\"]}}]"
    }
}, {
    "model": "admin.logentry",
    "pk": 17,
    "fields": {
        "action_time": "2018-06-02T05:48:00.963Z",
        "user": 1,
        "content_type": 17,
        "object_id": "1",
        "object_repr": "Max Headroom",
        "action_flag": 2,
        "change_message": "[{\"changed\": {\"fields\": [\"right_hand_weapon\"]}}]"
    }
}, {
    "model": "admin.logentry",
    "pk": 18,
    "fields": {
        "action_time": "2018-06-02T05:52:45.082Z",
        "user": 1,
        "content_type": 24,
        "object_id": "14",
        "object_repr": "Flesh",
        "action_flag": 1,
        "change_message": "[{\"added\": {}}]"
    }
}, {
    "model": "admin.logentry",
    "pk": 19,
    "fields": {
        "action_time": "2018-06-02T05:56:00.562Z",
        "user": 1,
        "content_type": 47,
        "object_id": "1",
        "object_repr": "Unarmed",
        "action_flag": 2,
        "change_message": "[{\"changed\": {\"fields\": [\"name\", \"description\", \"weight\", \"material\", \"bonuses\", \"damage\", \"cut\", \"OV_mod\", \"DV_mod\", \"AP\"]}}]"
    }
}]